facilityId,facilityType,name,district,latitude,longitude,coordinateStatus,source,sourceUrl,state,month,airTemperatureC,weatherCondition,windSpeedKmph,windDirectionDeg,rainfallMm,visibilityKm,significantWaveHeightM,wavePeriodSec,waveDirectionDeg,swellHeightM,swellPeriodSec,seaCondition,seaSurfaceTemperatureC,surfaceCurrentSpeedMs,surfaceCurrentDirectionDeg,mixedLayerDepthM,d20DepthM,chlorophyllMgM3,pfzPotentialScore,fishingPotential,cycloneStatus,cycloneRiskScore,cycloneDistanceKm,cycloneWindKmph,marineWarning,highWaveAlert,dataType,modelBasis
fh_01,fishing_harbour,Development of Pudimadaka Fishing Harbour,Anakapalli,17.493,82.96,prototype_geospatial_anchor,Department of Fisheries PMMSY Fishing Harbour Map,https://pmmsy.dof.gov.in/static/harbour/harbours.html,,10,30.5,clear,14.3,283,20.7,7.4,1.17,5.9,273,0.99,9.1,moderate,28.4,0.26,233,35,142,0.5,47,moderate,elevated,53,,,none,False,synthetic_demo_baseline,INCOIS/IMD variable schema + deterministic Indian coastal regional model
fh_01,fishing_harbour,Development of Pudimadaka Fishing Harbour,Anakapalli,17.493,82.96,prototype_geospatial_anchor,Department of Fisheries PMMSY Fishing Harbour Map,https://pmmsy.dof.gov.in/static/harbour/harbours.html,,11,27.9,partly_cloudy,12.8,134,1.9,6.9,1.16,6.4,131,0.81,6.8,moderate,28.4,0.32,84,66,85,0.74,47,moderate,elevated,50,,,none,False,synthetic_demo_baseline,INCOIS/IMD variable schema + deterministic Indian coastal regional model
fh_03,fishing_harbour,Development of Kothapatnam Fishing Harbour,Ongole,15.44,80.19,prototype_geospatial_anchor,Department of Fisheries PMMSY Fishing Harbour Map,https://pmmsy.dof.gov.in/static/harbour/harbours.html,,10,30.4,cloudy,13.6,214,15.7,7.1,1.21,7.3,220,0.81,8.4,moderate,28.9,0.4,169,75,124,1.0,63,moderate,none,10,,,none,False,synthetic_demo_baseline,INCOIS/IMD variable schema + deterministic Indian coastal regional model
fh_03,fishing_harbour,Development of Kothapatnam Fishing Harbour,Ongole,15.44,80.19,prototype_geospatial_anchor,Department of Fisheries PMMSY Fishing Harbour Map,https://pmmsy.dof.gov.in/static/harbour/harbours.html,,11,29.3,cloudy,14.4,205,6.1,7.9,1.16,6.7,204,0.85,8.3,moderate,28.4,0.34,160,72,121,0.73,51,moderate,none,8,,,none,False,synthetic_demo_baseline,INCOIS/IMD variable schema + deterministic Indian coastal regional model
fh_04,fishing_harbour,Modernization and up-gradation of Vishakapatnam Fishing Harbour,Vishakapatnam Port,17.69,83.29,prototype_geospatial_anchor,Department of Fisheries PMMSY Fishing Harbour Map,https://pmmsy.dof.gov.in/static/harbour/harbours.html,,10,29.2,partly_cloudy,12.5,172,8.3,6.5,1.21,6.9,173,0.82,7.4,moderate,28.8,0.36,122,63,99,0.93,57,moderate,elevated,46,,,none,False,synthetic_demo_baseline,INCOIS/IMD variable schema + deterministic Indian coastal regional model
fh_04,fishing_harbour,Modernization and up-gradation of Vishakapatnam Fishing Harbour,Vishakapatnam Port,17.69,83.29,prototype_geospatial_anchor,Department of Fisheries PMMSY Fishing Harbour Map,https://pmmsy.dof.gov.in/static/harbour/harbours.html,,11,27.7,partly_cloudy,12.6,123,1.4,7.3,1.09,6.0,115,0.8,6.6,moderate,28.2,0.28,73,54,80,0.57,40,low,elevated,50,,,none,False,synthetic_demo_baseline,INCOIS/IMD variable schema + deterministic Indian coastal regional model
fh_05,fishing_harbour,Juvvaladinne Fishing Harbour,SPSR Nellore,14.8,80.05,prototype_geospatial_anchor,Department of Fisheries PMMSY Fishing Harbour Map,https://pmmsy.dof.gov.in/static/harbour/harbours.html,,10,30.1,cloudy,12.9,174,11.4,6.9,1.21,7.5,183,0.76,7.8,moderate,29.1,0.43,129,81,109,1.09,64,moderate,none,8,,,none,False,synthetic_demo_baseline,INCOIS/IMD variable schema + deterministic Indian coastal regional model
fh_05,fishing_harbour,Juvvaladinne Fishing Harbour,SPSR Nellore,14.8,80.05,prototype_geospatial_anchor,Department of Fisheries PMMSY Fishing Harbour Map,https://pmmsy.dof.gov.in/static/harbour/harbours.html,,11,28.8,partly_cloudy,13.5,148,3.6,7.8,1.14,6.9,149,0.76,7.4,moderate,28.6,0.36,103,78,98,0.81,52,moderate,none,4,,,none,False,synthetic_demo_baseline,INCOIS/IMD variable schema + deterministic Indian coastal regional model
fh_06,fishing_harbour,"Construction of Fishing Harbour, Uppada",East Godavari,17.08,82.34,prototype_geospatial_anchor,Department of Fisheries PMMSY Fishing Harbour Map,https://pmmsy.dof.gov.in/static/harbour/harbours.html,,10,30.7,clear,14.4,290,21.5,6.7,1.28,6.6,287,1.0,9.2,moderate,28.7,0.32,240,53,145,0.77,56,moderate,elevated,54,,,none,False,synthetic_demo_baseline,INCOIS/IMD variable schema + deterministic Indian coastal regional model
fh_06,fishing_harbour,"Construction of Fishing Harbour, Uppada",East Godavari,17.08,82.34,prototype_geospatial_anchor,Department of Fisheries PMMSY Fishing Harbour Map,https://pmmsy.dof.gov.in/static/harbour/harbours.html,,11,29.2,clear,14.8,250,7.0,5.4,1.46,7.7,259,0.99,8.6,moderate,29.0,0.43,200,97,129,1.21,66,moderate,elevated,58,,,none,False,synthetic_demo_baseline,INCOIS/IMD variable schema + deterministic Indian coastal regional model
fh_07,fishing_harbour,"Construction of Fishing Harbour, Vodarevu",Prakasham,15.55,80.17,prototype_geospatial_anchor,Department of Fisheries PMMSY Fishing Harbour Map,https://pmmsy.dof.gov.in/static/harbour/harbours.html,,10,30.0,cloudy,12.9,177,11.6,7.7,1.1,6.9,178,0.76,7.8,moderate,28.7,0.36,132,62,110,0.81,54,moderate,none,8,,,none,False,synthetic_demo_baseline,INCOIS/IMD variable schema + deterministic Indian coastal regional model
fh_07,fishing_harbour,"Construction of Fishing Harbour, Vodarevu",Prakasham,15.55,80.17,prototype_geospatial_anchor,Department of Fisheries PMMSY Fishing Harbour Map,https://pmmsy.dof.gov.in/static/harbour/harbours.html,,11,29.5,clear,14.8,228,7.1,8.5,1.09,6.2,220,0.88,8.6,moderate,28.1,0.28,183,56,130,0.5,44,low,none,9,,,none,False,synthetic_demo_baseline,INCOIS/IMD variable schema + deterministic Indian coastal regional model
fh_08,fishing_harbour,"Construction of Fishing Harbour, Machilipattinam",Krishna,16.18,81.13,prototype_geospatial_anchor,Department of Fisheries PMMSY Fishing Harbour Map,https://pmmsy.dof.gov.in/static/harbour/harbours.html,,10,30.9,clear,14.5,268,21.8,7.5,1.19,6.9,270,0.89,9.3,moderate,28.6,0.36,223,63,146,0.82,58,moderate,none,14,,,none,False,synthetic_demo_baseline,INCOIS/IMD variable schema + deterministic Indian coastal regional model
fh_08,fishing_harbour,"Construction of Fishing Harbour, Machilipattinam",Krishna,16.18,81.13,prototype_geospatial_anchor,Department of Fisheries PMMSY Fishing Harbour Map,https://pmmsy.dof.gov.in/static/harbour/harbours.html,,11,28.7,partly_cloudy,13.8,167,4.4,7.6,1.18,7.1,170,0.79,7.7,moderate,28.5,0.38,122,82,106,0.88,54,moderate,none,5,,,none,False,synthetic_demo_baseline,INCOIS/IMD variable schema + deterministic Indian coastal regional model
fh_09,fishing_harbour,"Construction of Fishing Harbour, Nizampattinam",Guntur,15.9,80.65,prototype_geospatial_anchor,Department of Fisheries PMMSY Fishing Harbour Map,https://pmmsy.dof.gov.in/static/harbour/harbours.html,,10,30.2,cloudy,13.4,202,14.4,8.7,0.98,5.9,192,0.8,8.2,slight,28.2,0.26,157,36,120,0.41,41,low,none,9,,,none,False,synthetic_demo_baseline,INCOIS/IMD variable schema + deterministic Indian coastal regional model
fh_09,fishing_harbour,"Construction of Fishing Harbour, Nizampattinam",Guntur,15.9,80.65,prototype_geospatial_anchor,Department of Fisheries PMMSY Fishing Harbour Map,https://pmmsy.dof.gov.in/static/harbour/harbours.html,,11,28.3,partly_cloudy,13.0,120,2.3,8.9,0.96,5.9,110,0.72,7.0,slight,28.0,0.26,75,51,88,0.41,36,low,none,2,,,none,False,synthetic_demo_baseline,INCOIS/IMD variable schema + deterministic Indian coastal regional model
fh_10,fishing_harbour,Development of Smart and Integrated Fishing Harbour at Jakhau,Kutch,23.23,68.72,prototype_geospatial_anchor,Department of Fisheries PMMSY Fishing Harbour Map,https://pmmsy.dof.gov.in/static/harbour/harbours.html,,10,29.6,clear,13.2,264,8.7,6.9,1.24,7.1,268,0.9,9.2,moderate,28.0,0.38,219,69,147,0.77,50,moderate,none,26,,,none,False,synthetic_demo_baseline,INCOIS/IMD variable schema + deterministic Indian coastal regional model
fh_10,fishing_harbour,Development of Smart and Integrated Fishing Harbour at Jakhau,Kutch,23.23,68.72,prototype_geospatial_anchor,Department of Fisheries PMMSY Fishing Harbour Map,https://pmmsy.dof.gov.in/static/harbour/harbours.html,,11,27.3,partly_cloudy,10.2,156,3.9,7.6,1.0,6.7,155,0.68,7.5,slight,27.7,0.34,111,74,105,0.6,38,low,none,14,,,none,False,synthetic_demo_baseline,INCOIS/IMD variable schema + deterministic Indian coastal regional model
fh_11,fishing_harbour,3rd Stage of Mangarol Fishing Harbour,Junagadh,21.52,70.12,prototype_geospatial_anchor,Department of Fisheries PMMSY Fishing Harbour Map,https://pmmsy.dof.gov.in/static/harbour/harbours.html,,10,29.5,clear,12.7,233,7.4,6.8,1.23,7.2,238,0.86,8.7,moderate,28.2,0.39,188,71,134,0.8,52,moderate,none,24,,,none,False,synthetic_demo_baseline,INCOIS/IMD variable schema + deterministic Indian coastal regional model
fh_11,fishing_harbour,3rd Stage of Mangarol Fishing Harbour,Junagadh,21.52,70.12,prototype_geospatial_anchor,Department of Fisheries PMMSY Fishing Harbour Map,https://pmmsy.dof.gov.in/static/harbour/harbours.html,,11,27.4,partly_cloudy,9.9,137,3.1,8.6,0.85,5.8,127,0.65,7.2,slight,27.5,0.26,92,50,97,0.25,27,low,none,13,,,none,False,synthetic_demo_baseline,INCOIS/IMD variable schema + deterministic Indian coastal regional model
fh_12,fishing_harbour,Development of Fishery Harbour at Navabandar,Junagadh,21.5,69.6,prototype_geospatial_anchor,Department of Fisheries PMMSY Fishing Harbour Map,https://pmmsy.dof.gov.in/static/harbour/harbours.html,,10,28.4,partly_cloudy,11.3,133,2.9,6.7,1.2,7.5,141,0.72,7.2,moderate,28.4,0.42,88,81,95,0.94,53,moderate,none,17,,,none,False,synthetic_demo_baseline,INCOIS/IMD variable schema + deterministic Indian coastal regional model
fh_12,fishing_harbour,Development of Fishery Harbour at Navabandar,Junagadh,21.5,69.6,prototype_geospatial_anchor,Department of Fisheries PMMSY Fishing Harbour Map,https://pmmsy.dof.gov.in/static/harbour/harbours.html,,11,28.8,clear,11.6,261,8.6,6.9,1.16,7.2,266,0.82,9.2,moderate,28.0,0.39,216,87,145,0.8,51,moderate,none,21,,,none,False,synthetic_demo_baseline,INCOIS/IMD variable schema + deterministic Indian coastal regional model
fh_13,fishing_harbour,Development of Fishery harbour at Madhwad,Junagadh,20.99,70.47,prototype_geospatial_anchor,Department of Fisheries PMMSY Fishing Harbour Map,https://pmmsy.dof.gov.in/static/harbour/harbours.html,,10,28.2,partly_cloudy,11.0,105,1.6,7.2,1.1,7.0,108,0.68,6.7,moderate,28.2,0.37,60,68,84,0.74,45,low,none,15,,,none,False,synthetic_demo_baseline,INCOIS/IMD variable schema + deterministic Indian coastal regional model
fh_13,fishing_harbour,Development of Fishery harbour at Madhwad,Junagadh,20.99,70.47,prototype_geospatial_anchor,Department of Fisheries PMMSY Fishing Harbour Map,https://pmmsy.dof.gov.in/static/harbour/harbours.html,,11,28.6,clear,11.3,236,7.5,6.5,1.2,7.6,245,0.79,8.8,moderate,28.3,0.43,191,98,135,0.96,56,moderate,none,20,,,none,False,synthetic_demo_baseline,INCOIS/IMD variable schema + deterministic Indian coastal regional model
fh_14,fishing_harbour,Development of Fishery Harbour at Veraval – Phase 2,Gir Somnath,20.9,70.37,prototype_geospatial_anchor,Department of Fisheries PMMSY Fishing Harbour Map,https://pmmsy.dof.gov.in/static/harbour/harbours.html,,10,29.4,cloudy,12.5,213,6.5,6.3,1.29,7.7,223,0.83,8.4,moderate,28.5,0.44,168,85,126,1.0,58,moderate,none,22,,,none,False,synthetic_demo_baseline,INCOIS/IMD variable schema + deterministic Indian coastal regional model
fh_14,fishing_harbour,Development of Fishery Harbour at Veraval – Phase 2,Gir Somnath,20.9,70.37,prototype_geospatial_anchor,Department of Fisheries PMMSY Fishing Harbour Map,https://pmmsy.dof.gov.in/static/harbour/harbours.html,,11,27.1,partly_cloudy,9.3,94,1.2,8.4,0.86,6.1,87,0.59,6.6,slight,27.6,0.28,49,58,80,0.37,30,low,none,10,,,none,False,synthetic_demo_baseline,INCOIS/IMD variable schema + deterministic Indian coastal regional model
fh_15,fishing_harbour,Development of Fishery Harbour Porbandar – Phase 2,Porbandar,21.64,69.61,prototype_geospatial_anchor,Department of Fisheries PMMSY Fishing Harbour Map,https://pmmsy.dof.gov.in/static/harbour/harbours.html,,10,28.9,cloudy,12.0,181,5.1,7.6,1.1,6.6,180,0.79,7.9,moderate,28.0,0.33,136,56,114,0.57,42,low,none,20,,,none,False,synthetic_demo_baseline,INCOIS/IMD variable schema + deterministic Indian coastal regional model
fh_15,fishing_harbour,Development of Fishery Harbour Porbandar – Phase 2,Porbandar,21.64,69.61,prototype_geospatial_anchor,Department of Fisheries PMMSY Fishing Harbour Map,https://pmmsy.dof.gov.in/static/harbour/harbours.html,,11,28.0,cloudy,10.6,190,5.5,7.8,0.99,6.4,187,0.72,8.1,slight,27.7,0.32,145,67,118,0.5,38,low,none,17,,,none,False,synthetic_demo_baseline,INCOIS/IMD variable schema + deterministic Indian coastal regional model
fh_16,fishing_harbour,Development of Fishery Harbour at Sutrapada,Gir Somnath,20.83,70.48,prototype_geospatial_anchor,Department of Fisheries PMMSY Fishing Harbour Map,https://pmmsy.dof.gov.in/static/harbour/harbours.html,,10,29.1,cloudy,12.1,188,5.4,6.9,1.2,7.2,193,0.8,8.0,moderate,28.3,0.39,143,73,116,0.82,52,moderate,none,21,,,none,False,synthetic_demo_baseline,INCOIS/IMD variable schema + deterministic Indian coastal regional model
fh_16,fishing_harbour,Development of Fishery Harbour at Sutrapada,Gir Somnath,20.83,70.48,prototype_geospatial_anchor,Department of Fisheries PMMSY Fishing Harbour Map,https://pmmsy.dof.gov.in/static/harbour/harbours.html,,11,29.0,clear,11.7,267,8.9,7.5,1.07,6.6,265,0.83,9.3,moderate,27.8,0.33,222,70,147,0.55,44,low,none,22,,,none,False,synthetic_demo_baseline,INCOIS/IMD variable schema + deterministic Indian coastal regional model
fh_17,fishing_harbour,Modernisation and Upgradation of Mangalore Fishing Harbour,Dakshina Kannada,12.9,74.82,prototype_geospatial_anchor,Department of Fisheries PMMSY Fishing Harbour Map,https://pmmsy.dof.gov.in/static/harbour/harbours.html,,10,30.9,cloudy,11.4,218,6.7,8.2,0.93,6.3,212,0.72,8.5,slight,28.7,0.3,173,47,125,0.72,54,moderate,none,11,,,none,False,synthetic_demo_baseline,INCOIS/IMD variable schema + deterministic Indian coastal regional model
fh_17,fishing_harbour,Modernisation and Upgradation of Mangalore Fishing Harbour,Dakshina Kannada,12.9,74.82,prototype_geospatial_anchor,Department of Fisheries PMMSY Fishing Harbour Map,https://pmmsy.dof.gov.in/static/harbour/harbours.html,,11,29.4,cloudy,10.9,173,4.7,8.0,0.96,6.6,171,0.67,7.8,slight,28.7,0.34,128,71,107,0.87,55,moderate,none,6,,,none,False,synthetic_demo_baseline,INCOIS/IMD variable schema + deterministic Indian coastal regional model
fh_18,fishing_harbour,Modernisation of Malpe Fishing Harbour,Udupi,13.35,74.7,prototype_geospatial_anchor,Department of Fisheries PMMSY Fishing Harbour Map,https://pmmsy.dof.gov.in/static/harbour/harbours.html,,10,30.5,cloudy,11.1,193,5.6,7.8,0.99,6.7,193,0.69,8.1,slight,28.9,0.35,148,59,116,0.92,59,moderate,none,9,,,none,False,synthetic_demo_baseline,INCOIS/IMD variable schema + deterministic Indian coastal regional model
fh_18,fishing_harbour,Modernisation of Malpe Fishing Harbour,Udupi,13.35,74.7,prototype_geospatial_anchor,Department of Fisheries PMMSY Fishing Harbour Map,https://pmmsy.dof.gov.in/static/harbour/harbours.html,,11,29.1,partly_cloudy,10.7,149,3.6,7.5,1.03,7.1,153,0.64,7.4,moderate,28.8,0.39,104,86,98,1.09,61,moderate,none,4,,,none,False,synthetic_demo_baseline,INCOIS/IMD variable schema + deterministic Indian coastal regional model
fh_19,fishing_harbour,Modernisation of Gangoli Fishing Harbour,Udupi,13.65,74.68,prototype_geospatial_anchor,Department of Fisheries PMMSY Fishing Harbour Map,https://pmmsy.dof.gov.in/static/harbour/harbours.html,,10,29.7,partly_cloudy,10.4,124,2.5,7.1,1.06,7.4,132,0.61,7.0,moderate,29.2,0.42,79,80,89,1.23,67,moderate,none,4,,,none,False,synthetic_demo_baseline,INCOIS/IMD variable schema + deterministic Indian coastal regional model
fh_19,fishing_harbour,Modernisation of Gangoli Fishing Harbour,Udupi,13.65,74.68,prototype_geospatial_anchor,Department of Fisheries PMMSY Fishing Harbour Map,https://pmmsy.dof.gov.in/static/harbour/harbours.html,,11,28.4,partly_cloudy,10.1,98,1.3,8.2,0.9,6.5,95,0.58,6.6,slight,28.5,0.33,53,69,78,0.83,50,moderate,none,1,,,none,False,synthetic_demo_baseline,INCOIS/IMD variable schema + deterministic Indian coastal regional model
fh_20,fishing_harbour,Maintenance Dredging at Amadalli Fishing Harbour,Uttar Kannada,14.67,74.28,prototype_geospatial_anchor,Department of Fisheries PMMSY Fishing Harbour Map,https://pmmsy.dof.gov.in/static/harbour/harbours.html,,10,31.0,clear,11.9,260,8.6,7.6,1.04,6.8,260,0.77,9.1,moderate,28.7,0.35,215,60,142,0.63,54,moderate,none,13,,,none,False,synthetic_demo_baseline,INCOIS/IMD variable schema + deterministic Indian coastal regional model
fh_20,fishing_harbour,Maintenance Dredging at Amadalli Fishing Harbour,Uttar Kannada,14.67,74.28,prototype_geospatial_anchor,Department of Fisheries PMMSY Fishing Harbour Map,https://pmmsy.dof.gov.in/static/harbour/harbours.html,,11,29.8,clear,11.6,235,7.5,8.7,0.89,5.9,226,0.74,8.8,slight,28.2,0.26,190,51,132,0.27,39,low,none,10,,,none,False,synthetic_demo_baseline,INCOIS/IMD variable schema + deterministic Indian coastal regional model
fh_21,fishing_harbour,Dredging work at Tadari Fishing Harbour,Uttar Kannada,14.48,74.44,prototype_geospatial_anchor,Department of Fisheries PMMSY Fishing Harbour Map,https://pmmsy.dof.gov.in/static/harbour/harbours.html,,10,29.3,partly_cloudy,10.1,95,1.2,8.7,0.82,6.0,87,0.58,6.6,slight,28.4,0.27,50,40,78,0.32,36,low,none,2,,,none,False,synthetic_demo_baseline,INCOIS/IMD variable schema + deterministic Indian coastal regional model
fh_21,fishing_harbour,Dredging work at Tadari Fishing Harbour,Uttar Kannada,14.48,74.44,prototype_geospatial_anchor,Department of Fisheries PMMSY Fishing Harbour Map,https://pmmsy.dof.gov.in/static/harbour/harbours.html,,11,29.0,partly_cloudy,10.9,167,4.4,7.7,1.0,6.9,169,0.66,7.7,moderate,28.6,0.36,122,79,106,0.69,50,moderate,none,5,,,none,False,synthetic_demo_baseline,INCOIS/IMD variable schema + deterministic Indian coastal regional model
fh_22,fishing_harbour,Kulai Fishing Harbour,Mangalore,12.96,74.8,prototype_geospatial_anchor,Department of Fisheries PMMSY Fishing Harbour Map,https://pmmsy.dof.gov.in/static/harbour/harbours.html,,10,29.6,partly_cloudy,10.1,101,1.5,8.7,0.82,6.0,93,0.58,6.7,slight,28.6,0.27,56,39,79,0.61,45,moderate,none,3,,,none,False,synthetic_demo_baseline,INCOIS/IMD variable schema + deterministic Indian coastal regional model
fh_22,fishing_harbour,Kulai Fishing Harbour,Mangalore,12.96,74.8,prototype_geospatial_anchor,Department of Fisheries PMMSY Fishing Harbour Map,https://pmmsy.dof.gov.in/static/harbour/harbours.html,,11,29.2,partly_cloudy,10.7,157,4.0,7.1,1.08,7.4,164,0.65,7.5,moderate,29.0,0.42,112,94,101,1.2,66,moderate,none,4,,,none,False,synthetic_demo_baseline,INCOIS/IMD variable schema + deterministic Indian coastal regional model
fh_23,fishing_harbour,Hejmadi Kodi Fishing Harbour,Udupi,13.1,74.78,prototype_geospatial_anchor,Department of Fisheries PMMSY Fishing Harbour Map,https://pmmsy.dof.gov.in/static/harbour/harbours.html,,10,31.3,clear,11.9,261,8.6,8.2,0.95,6.2,254,0.77,9.2,slight,28.6,0.29,216,44,142,0.69,55,moderate,none,13,,,none,False,synthetic_demo_baseline,INCOIS/IMD variable schema + deterministic Indian coastal regional model
fh_23,fishing_harbour,Hejmadi Kodi Fishing Harbour,Udupi,13.1,74.78,prototype_geospatial_anchor,Department of Fisheries PMMSY Fishing Harbour Map,https://pmmsy.dof.gov.in/static/harbour/harbours.html,,11,29.1,partly_cloudy,10.6,146,3.5,8.4,0.89,6.2,141,0.64,7.4,slight,28.5,0.3,101,61,97,0.72,49,moderate,none,4,,,none,False,synthetic_demo_baseline,INCOIS/IMD variable schema + deterministic Indian coastal regional model
fh_24,fishing_harbour,"Modernization and up-gradation of Cochin Fishing Harbour at Thoppumpady, Cochin",Ernakulam,9.93,76.27,prototype_geospatial_anchor,Department of Fisheries PMMSY Fishing Harbour Map,https://pmmsy.dof.gov.in/static/harbour/harbours.html,,10,32.0,clear,14.5,268,21.8,6.6,1.31,7.7,277,0.89,9.3,moderate,29.6,0.43,223,84,143,1.13,74,high,none,14,,,none,False,synthetic_demo_baseline,INCOIS/IMD variable schema + deterministic Indian coastal regional model
fh_24,fishing_harbour,"Modernization and up-gradation of Cochin Fishing Harbour at Thoppumpady, Cochin",Ernakulam,9.93,76.27,prototype_geospatial_anchor,Department of Fisheries PMMSY Fishing Harbour Map,https://pmmsy.dof.gov.in/static/harbour/harbours.html,,11,30.9,clear,15.3,259,8.5,7.0,1.32,7.5,266,0.92,9.1,moderate,29.3,0.41,214,93,140,1.04,68,moderate,none,11,,,none,False,synthetic_demo_baseline,INCOIS/IMD variable schema + deterministic Indian coastal regional model
fh_25,fishing_harbour,Expansion of Muthalapozhy Fishing Harbour,Thiruvanathapuram,8.6,76.78,prototype_geospatial_anchor,Department of Fisheries PMMSY Fishing Harbour Map,https://pmmsy.dof.gov.in/static/harbour/harbours.html,,10,32.0,clear,14.1,247,19.5,7.0,1.24,7.4,253,0.86,8.9,moderate,29.6,0.4,202,75,135,1.0,71,high,none,12,,,none,False,synthetic_demo_baseline,INCOIS/IMD variable schema + deterministic Indian coastal regional model
fh_25,fishing_harbour,Expansion of Muthalapozhy Fishing Harbour,Thiruvanathapuram,8.6,76.78,prototype_geospatial_anchor,Department of Fisheries PMMSY Fishing Harbour Map,https://pmmsy.dof.gov.in/static/harbour/harbours.html,,11,30.6,cloudy,14.6,215,6.6,7.3,1.24,7.2,220,0.86,8.5,moderate,29.3,0.39,170,86,122,0.93,65,moderate,none,8,,,none,False,synthetic_demo_baseline,INCOIS/IMD variable schema + deterministic Indian coastal regional model
fh_26,fishing_harbour,Expansion of Kasaragod Fishing Harbour,Kasaragod,12.5,74.99,prototype_geospatial_anchor,Department of Fisheries PMMSY Fishing Harbour Map,https://pmmsy.dof.gov.in/static/harbour/harbours.html,,10,29.9,partly_cloudy,10.4,125,2.6,7.7,0.98,6.9,127,0.61,7.1,slight,29.0,0.36,80,64,89,0.99,60,moderate,none,4,,,none,False,synthetic_demo_baseline,INCOIS/IMD variable schema + deterministic Indian coastal regional model
fh_26,fishing_harbour,Expansion of Kasaragod Fishing Harbour,Kasaragod,12.5,74.99,prototype_geospatial_anchor,Department of Fisheries PMMSY Fishing Harbour Map,https://pmmsy.dof.gov.in/static/harbour/harbours.html,,11,29.1,partly_cloudy,10.6,143,3.3,7.6,1.0,7.0,145,0.63,7.3,slight,28.9,0.37,98,82,96,1.02,60,moderate,none,4,,,none,False,synthetic_demo_baseline,INCOIS/IMD variable schema + deterministic Indian coastal regional model
fh_27,fishing_harbour,Upgradation and modernization of Harbour in Ponnani,Malappuram,10.77,75.93,prototype_geospatial_anchor,Department of Fisheries PMMSY Fishing Harbour Map,https://pmmsy.dof.gov.in/static/harbour/harbours.html,,10,31.4,clear,11.5,228,7.1,8.4,0.91,6.1,221,0.73,8.7,slight,28.8,0.28,183,41,128,0.64,54,moderate,none,11,,,none,False,synthetic_demo_baseline,INCOIS/IMD variable schema + deterministic Indian coastal regional model
fh_27,fishing_harbour,Upgradation and modernization of Harbour in Ponnani,Malappuram,10.77,75.93,prototype_geospatial_anchor,Department of Fisheries PMMSY Fishing Harbour Map,https://pmmsy.dof.gov.in/static/harbour/harbours.html,,11,29.2,partly_cloudy,10.4,123,2.5,7.0,1.08,7.5,132,0.61,7.0,moderate,29.3,0.43,78,98,87,1.27,69,moderate,none,2,,,none,False,synthetic_demo_baseline,INCOIS/IMD variable schema + deterministic Indian coastal regional model
fh_28,fishing_harbour,Upgradation and modernization of Harbour in Puthiyappa,Kozhikode,11.32,75.74,prototype_geospatial_anchor,Department of Fisheries PMMSY Fishing Harbour Map,https://pmmsy.dof.gov.in/static/harbour/harbours.html,,10,31.7,clear,11.9,260,8.6,8.1,0.96,6.3,255,0.77,9.2,slight,28.9,0.3,215,47,141,0.73,58,moderate,none,13,,,none,False,synthetic_demo_baseline,INCOIS/IMD variable schema + deterministic Indian coastal regional model
fh_28,fishing_harbour,Upgradation and modernization of Harbour in Puthiyappa,Kozhikode,11.32,75.74,prototype_geospatial_anchor,Department of Fisheries PMMSY Fishing Harbour Map,https://pmmsy.dof.gov.in/static/harbour/harbours.html,,11,30.3,clear,11.5,226,7.0,7.0,1.11,7.4,233,0.73,8.6,moderate,29.1,0.41,181,92,127,1.18,70,high,none,9,,,none,False,synthetic_demo_baseline,INCOIS/IMD variable schema + deterministic Indian coastal regional model
fh_29,fishing_harbour,Upgradation and modernization of Harbour in Koyilandy,Kozhikode,11.44,75.7,prototype_geospatial_anchor,Department of Fisheries PMMSY Fishing Harbour Map,https://pmmsy.dof.gov.in/static/harbour/harbours.html,,10,29.8,partly_cloudy,10.0,93,1.1,8.2,0.89,6.4,90,0.57,6.5,slight,28.9,0.32,48,53,76,0.81,53,moderate,none,2,,,none,False,synthetic_demo_baseline,INCOIS/IMD variable schema + deterministic Indian coastal regional model
fh_29,fishing_harbour,Upgradation and modernization of Harbour in Koyilandy,Kozhikode,11.44,75.7,prototype_geospatial_anchor,Department of Fisheries PMMSY Fishing Harbour Map,https://pmmsy.dof.gov.in/static/harbour/harbours.html,,11,28.9,partly_cloudy,10.1,103,1.6,7.8,0.96,6.9,105,0.59,6.7,slight,28.9,0.36,58,79,80,0.99,58,moderate,none,1,,,none,False,synthetic_demo_baseline,INCOIS/IMD variable schema + deterministic Indian coastal regional model
fh_30,fishing_harbour,Maintenance dredging of existing harbor in Kayamkulam,Kollam,9.18,76.5,prototype_geospatial_anchor,Department of Fisheries PMMSY Fishing Harbour Map,https://pmmsy.dof.gov.in/static/harbour/harbours.html,,10,31.2,cloudy,13.0,182,12.2,8.6,0.98,6.0,173,0.77,7.9,slight,28.9,0.27,137,39,109,0.46,49,moderate,none,8,,,none,False,synthetic_demo_baseline,INCOIS/IMD variable schema + deterministic Indian coastal regional model
fh_30,fishing_harbour,Maintenance dredging of existing harbor in Kayamkulam,Kollam,9.18,76.5,prototype_geospatial_anchor,Department of Fisheries PMMSY Fishing Harbour Map,https://pmmsy.dof.gov.in/static/harbour/harbours.html,,11,29.9,partly_cloudy,13.7,161,4.2,7.8,1.14,6.9,162,0.78,7.6,moderate,29.1,0.35,116,76,101,0.8,57,moderate,none,5,,,none,False,synthetic_demo_baseline,INCOIS/IMD variable schema + deterministic Indian coastal regional model
fh_31,fishing_harbour,Maintenance dredging of existing harbor in Chettuva,Trissur,10.42,76.06,prototype_geospatial_anchor,Department of Fisheries PMMSY Fishing Harbour Map,https://pmmsy.dof.gov.in/static/harbour/harbours.html,,10,30.0,partly_cloudy,11.6,98,2.9,8.7,0.91,6.1,90,0.65,6.6,slight,28.9,0.28,53,41,77,0.49,45,low,none,3,,,none,False,synthetic_demo_baseline,INCOIS/IMD variable schema + deterministic Indian coastal regional model
fh_31,fishing_harbour,Maintenance dredging of existing harbor in Chettuva,Trissur,10.42,76.06,prototype_geospatial_anchor,Department of Fisheries PMMSY Fishing Harbour Map,https://pmmsy.dof.gov.in/static/harbour/harbours.html,,11,30.5,clear,14.9,232,7.3,7.8,1.18,6.7,231,0.88,8.7,moderate,28.9,0.34,187,72,129,0.73,57,moderate,none,9,,,none,False,synthetic_demo_baseline,INCOIS/IMD variable schema + deterministic Indian coastal regional model
fh_32,fishing_harbour,Maintenance dredging of existing harbor in Ponnani,Malappuram,10.77,75.93,prototype_geospatial_anchor,Department of Fisheries PMMSY Fishing Harbour Map,https://pmmsy.dof.gov.in/static/harbour/harbours.html,,10,31.3,cloudy,11.4,219,6.7,7.4,1.05,7.0,221,0.72,8.5,moderate,29.2,0.37,174,66,124,1.02,67,moderate,none,11,,,none,False,synthetic_demo_baseline,INCOIS/IMD variable schema + deterministic Indian coastal regional model
fh_32,fishing_harbour,Maintenance dredging of existing harbor in Ponnani,Malappuram,10.77,75.93,prototype_geospatial_anchor,Department of Fisheries PMMSY Fishing Harbour Map,https://pmmsy.dof.gov.in/static/harbour/harbours.html,,11,30.0,cloudy,11.1,193,5.6,7.7,1.01,6.8,194,0.69,8.1,moderate,29.0,0.36,148,77,114,0.96,61,moderate,none,7,,,none,False,synthetic_demo_baseline,INCOIS/IMD variable schema + deterministic Indian coastal regional model
fh_33,fishing_harbour,Maintenance dredging of existing harbor in Beypore,Kozhikode,11.17,75.81,prototype_geospatial_anchor,Department of Fisheries PMMSY Fishing Harbour Map,https://pmmsy.dof.gov.in/static/harbour/harbours.html,,10,30.0,partly_cloudy,10.2,110,1.9,7.4,1.01,7.1,115,0.59,6.8,moderate,29.3,0.39,65,71,82,1.1,64,moderate,none,3,,,none,False,synthetic_demo_baseline,INCOIS/IMD variable schema + deterministic Indian coastal regional model
fh_33,fishing_harbour,Maintenance dredging of existing harbor in Beypore,Kozhikode,11.17,75.81,prototype_geospatial_anchor,Department of Fisheries PMMSY Fishing Harbour Map,https://pmmsy.dof.gov.in/static/harbour/harbours.html,,11,30.6,clear,11.8,254,8.3,7.3,1.09,7.1,258,0.76,9.1,moderate,29.0,0.39,209,85,138,1.08,68,moderate,none,11,,,none,False,synthetic_demo_baseline,INCOIS/IMD variable schema + deterministic Indian coastal regional model
fh_34,fishing_harbour,Maintenance dredging of existing harbor in Puthiyappa,Kozhikode,11.32,75.74,prototype_geospatial_anchor,Department of Fisheries PMMSY Fishing Harbour Map,https://pmmsy.dof.gov.in/static/harbour/harbours.html,,10,31.7,clear,11.9,262,8.6,6.7,1.16,7.6,271,0.77,9.2,moderate,29.4,0.43,217,83,141,1.26,76,high,none,13,,,none,False,synthetic_demo_baseline,INCOIS/IMD variable schema + deterministic Indian coastal regional model
fh_34,fishing_harbour,Maintenance dredging of existing harbor in Puthiyappa,Kozhikode,11.32,75.74,prototype_geospatial_anchor,Department of Fisheries PMMSY Fishing Harbour Map,https://pmmsy.dof.gov.in/static/harbour/harbours.html,,11,29.6,partly_cloudy,10.9,169,4.5,8.0,0.96,6.6,167,0.66,7.7,slight,28.8,0.34,124,71,105,0.87,57,moderate,none,5,,,none,False,synthetic_demo_baseline,INCOIS/IMD variable schema + deterministic Indian coastal regional model
fh_35,fishing_harbour,Development of Arthungal Fishing Harbor (Balance work),Alappuzha,9.69,76.34,prototype_geospatial_anchor,Department of Fisheries PMMSY Fishing Harbour Map,https://pmmsy.dof.gov.in/static/harbour/harbours.html,,10,31.4,cloudy,13.6,215,15.9,7.8,1.11,6.7,214,0.81,8.4,moderate,29.2,0.34,170,58,122,0.74,59,moderate,none,10,,,none,False,synthetic_demo_baseline,INCOIS/IMD variable schema + deterministic Indian coastal regional model
fh_35,fishing_harbour,Development of Arthungal Fishing Harbor (Balance work),Alappuzha,9.69,76.34,prototype_geospatial_anchor,Department of Fisheries PMMSY Fishing Harbour Map,https://pmmsy.dof.gov.in/static/harbour/harbours.html,,11,30.8,clear,15.1,246,7.9,8.0,1.16,6.6,243,0.9,8.9,moderate,28.9,0.32,201,67,135,0.65,56,moderate,none,10,,,none,False,synthetic_demo_baseline,INCOIS/IMD variable schema + deterministic Indian coastal regional model
fh_36,fishing_harbour,Development of Mallet Bunder Fishing Harbour,Ratnagiri-Sindhudurg,16.99,73.3,prototype_geospatial_anchor,Department of Fisheries PMMSY Fishing Harbour Map,https://pmmsy.dof.gov.in/static/harbour/harbours.html,,10,29.8,cloudy,11.0,181,5.0,7.2,1.07,7.3,187,0.68,7.9,moderate,28.7,0.4,136,75,112,0.85,56,moderate,none,8,,,none,False,synthetic_demo_baseline,INCOIS/IMD variable schema + deterministic Indian coastal regional model
fh_36,fishing_harbour,Development of Mallet Bunder Fishing Harbour,Ratnagiri-Sindhudurg,16.99,73.3,prototype_geospatial_anchor,Department of Fisheries PMMSY Fishing Harbour Map,https://pmmsy.dof.gov.in/static/harbour/harbours.html,,11,28.6,partly_cloudy,10.8,163,4.2,7.3,1.06,7.2,169,0.66,7.6,moderate,28.5,0.4,118,90,105,0.84,53,moderate,none,5,,,none,False,synthetic_demo_baseline,INCOIS/IMD variable schema + deterministic Indian coastal regional model
fh_37,fishing_harbour,Modernisation of Sassoon Dock Fishing Harbour,Mumbai,18.92,72.83,prototype_geospatial_anchor,Department of Fisheries PMMSY Fishing Harbour Map,https://pmmsy.dof.gov.in/static/harbour/harbours.html,,10,28.8,partly_cloudy,10.4,127,2.7,8.3,0.89,6.3,123,0.61,7.1,slight,28.1,0.31,82,49,92,0.47,38,low,none,4,,,none,False,synthetic_demo_baseline,INCOIS/IMD variable schema + deterministic Indian coastal regional model
fh_37,fishing_harbour,Modernisation of Sassoon Dock Fishing Harbour,Mumbai,18.92,72.83,prototype_geospatial_anchor,Department of Fisheries PMMSY Fishing Harbour Map,https://pmmsy.dof.gov.in/static/harbour/harbours.html,,11,28.8,cloudy,11.4,218,6.7,8.4,0.91,6.1,211,0.72,8.5,slight,27.8,0.29,173,58,127,0.36,37,low,none,9,,,none,False,synthetic_demo_baseline,INCOIS/IMD variable schema + deterministic Indian coastal regional model
fh_38,fishing_harbour,Karanja Fishing Harbour (Revised),Raigad,18.91,72.95,prototype_geospatial_anchor,Department of Fisheries PMMSY Fishing Harbour Map,https://pmmsy.dof.gov.in/static/harbour/harbours.html,,10,30.3,clear,11.9,261,8.6,7.1,1.1,7.2,266,0.77,9.2,moderate,28.5,0.39,216,71,144,0.79,56,moderate,none,13,,,none,False,synthetic_demo_baseline,INCOIS/IMD variable schema + deterministic Indian coastal regional model
fh_38,fishing_harbour,Karanja Fishing Harbour (Revised),Raigad,18.91,72.95,prototype_geospatial_anchor,Department of Fisheries PMMSY Fishing Harbour Map,https://pmmsy.dof.gov.in/static/harbour/harbours.html,,11,28.3,cloudy,10.9,171,4.6,7.0,1.1,7.5,180,0.67,7.8,moderate,28.5,0.43,126,97,109,0.95,55,moderate,none,5,,,none,False,synthetic_demo_baseline,INCOIS/IMD variable schema + deterministic Indian coastal regional model
fh_39,fishing_harbour,Anandwadi (Fishing Harbour),Sindhudurg,16.06,73.47,prototype_geospatial_anchor,Department of Fisheries PMMSY Fishing Harbour Map,https://pmmsy.dof.gov.in/static/harbour/harbours.html,,10,30.8,clear,11.9,261,8.6,7.8,1.0,6.5,259,0.77,9.2,moderate,28.5,0.33,216,54,143,0.54,50,moderate,none,13,,,none,False,synthetic_demo_baseline,INCOIS/IMD variable schema + deterministic Indian coastal regional model
fh_39,fishing_harbour,Anandwadi (Fishing Harbour),Sindhudurg,16.06,73.47,prototype_geospatial_anchor,Department of Fisheries PMMSY Fishing Harbour Map,https://pmmsy.dof.gov.in/static/harbour/harbours.html,,11,28.6,partly_cloudy,10.7,155,3.9,6.9,1.11,7.6,165,0.65,7.5,moderate,28.8,0.44,110,99,102,0.99,59,moderate,none,4,,,none,False,synthetic_demo_baseline,INCOIS/IMD variable schema + deterministic Indian coastal regional model
fh_40,fishing_harbour,Construction of Fisheries Fishing Harbour at Jeevana,Raigad,18.5,72.93,prototype_geospatial_anchor,Department of Fisheries PMMSY Fishing Harbour Map,https://pmmsy.dof.gov.in/static/harbour/harbours.html,,10,29.2,partly_cloudy,10.7,154,3.9,7.5,1.01,7.0,157,0.64,7.5,moderate,28.5,0.37,109,67,102,0.74,49,moderate,none,6,,,none,False,synthetic_demo_baseline,INCOIS/IMD variable schema + deterministic Indian coastal regional model
fh_40,fishing_harbour,Construction of Fisheries Fishing Harbour at Jeevana,Raigad,18.5,72.93,prototype_geospatial_anchor,Department of Fisheries PMMSY Fishing Harbour Map,https://pmmsy.dof.gov.in/static/harbour/harbours.html,,11,29.4,clear,12.0,267,8.9,7.0,1.13,7.3,274,0.78,9.3,moderate,28.4,0.4,222,91,146,0.86,57,moderate,none,12,,,none,False,synthetic_demo_baseline,INCOIS/IMD variable schema + deterministic Indian coastal regional model
fh_41,fishing_harbour,Construction of Fisheries Fishing Harbour at Bharadkhol,Raigad,18.1,72.92,prototype_geospatial_anchor,Department of Fisheries PMMSY Fishing Harbour Map,https://pmmsy.dof.gov.in/static/harbour/harbours.html,,10,30.0,cloudy,11.5,225,7.0,6.7,1.15,7.6,235,0.73,8.6,moderate,28.8,0.43,180,84,130,0.99,62,moderate,none,11,,,none,False,synthetic_demo_baseline,INCOIS/IMD variable schema + deterministic Indian coastal regional model
fh_41,fishing_harbour,Construction of Fisheries Fishing Harbour at Bharadkhol,Raigad,18.1,72.92,prototype_geospatial_anchor,Department of Fisheries PMMSY Fishing Harbour Map,https://pmmsy.dof.gov.in/static/harbour/harbours.html,,11,28.5,cloudy,11.0,179,4.9,7.1,1.08,7.4,186,0.67,7.9,moderate,28.5,0.41,134,92,112,0.88,54,moderate,none,6,,,none,False,synthetic_demo_baseline,INCOIS/IMD variable schema + deterministic Indian coastal regional model
fh_42,fishing_harbour,Construction of Fisheries Fishing Harbour at Harnai,Ratnagiri,17.82,73.09,prototype_geospatial_anchor,Department of Fisheries PMMSY Fishing Harbour Map,https://pmmsy.dof.gov.in/static/harbour/harbours.html,,10,29.8,cloudy,11.2,202,6.0,7.5,1.02,6.9,204,0.7,8.2,moderate,28.5,0.36,157,64,121,0.69,51,moderate,none,9,,,none,False,synthetic_demo_baseline,INCOIS/IMD variable schema + deterministic Indian coastal regional model
fh_42,fishing_harbour,Construction of Fisheries Fishing Harbour at Harnai,Ratnagiri,17.82,73.09,prototype_geospatial_anchor,Department of Fisheries PMMSY Fishing Harbour Map,https://pmmsy.dof.gov.in/static/harbour/harbours.html,,11,28.7,cloudy,11.1,193,5.6,8.5,0.89,6.1,186,0.69,8.1,slight,27.9,0.28,148,58,117,0.36,37,low,none,7,,,none,False,synthetic_demo_baseline,INCOIS/IMD variable schema + deterministic Indian coastal regional model
fh_43,fishing_harbour,Construction of Fisheries Fishing Harbour at Sakhari Nate,Ratnagiri,17.77,73.14,prototype_geospatial_anchor,Department of Fisheries PMMSY Fishing Harbour Map,https://pmmsy.dof.gov.in/static/harbour/harbours.html,,10,30.0,cloudy,11.4,219,6.7,6.7,1.14,7.6,228,0.72,8.5,moderate,28.8,0.43,174,83,127,0.98,61,moderate,none,11,,,none,False,synthetic_demo_baseline,INCOIS/IMD variable schema + deterministic Indian coastal regional model
fh_43,fishing_harbour,Construction of Fisheries Fishing Harbour at Sakhari Nate,Ratnagiri,17.77,73.14,prototype_geospatial_anchor,Department of Fisheries PMMSY Fishing Harbour Map,https://pmmsy.dof.gov.in/static/harbour/harbours.html,,11,27.9,partly_cloudy,10.3,115,2.1,7.7,0.98,6.9,117,0.6,6.9,slight,28.3,0.37,70,81,87,0.71,46,moderate,none,2,,,none,False,synthetic_demo_baseline,INCOIS/IMD variable schema + deterministic Indian coastal regional model
fh_44,fishing_harbour,Development of Fishing Harbour at Satpati,Palghar,19.73,72.68,prototype_geospatial_anchor,Department of Fisheries PMMSY Fishing Harbour Map,https://pmmsy.dof.gov.in/static/harbour/harbours.html,,10,29.1,partly_cloudy,11.8,165,4.3,7.5,1.1,6.7,164,0.76,7.7,moderate,28.2,0.34,120,58,107,0.6,44,low,none,19,,,none,False,synthetic_demo_baseline,INCOIS/IMD variable schema + deterministic Indian coastal regional model
fh_44,fishing_harbour,Development of Fishing Harbour at Satpati,Palghar,19.73,72.68,prototype_geospatial_anchor,Department of Fisheries PMMSY Fishing Harbour Map,https://pmmsy.dof.gov.in/static/harbour/harbours.html,,11,27.5,partly_cloudy,9.6,117,2.2,6.9,1.08,7.4,125,0.62,6.9,moderate,28.3,0.42,72,95,88,0.92,51,moderate,none,12,,,none,False,synthetic_demo_baseline,INCOIS/IMD variable schema + deterministic Indian coastal regional model
fh_45,fishing_harbour,Development of Smart and Integrated Fishing Harbour at Karaikal,Karaikal,10.92,79.84,prototype_geospatial_anchor,Department of Fisheries PMMSY Fishing Harbour Map,https://pmmsy.dof.gov.in/static/harbour/harbours.html,,10,31.4,clear,13.8,230,17.6,7.9,1.11,6.6,228,0.84,8.7,moderate,29.0,0.33,185,54,129,0.69,57,moderate,none,11,,,none,False,synthetic_demo_baseline,INCOIS/IMD variable schema + deterministic Indian coastal regional model
fh_45,fishing_harbour,Development of Smart and Integrated Fishing Harbour at Karaikal,Karaikal,10.92,79.84,prototype_geospatial_anchor,Department of Fisheries PMMSY Fishing Harbour Map,https://pmmsy.dof.gov.in/static/harbour/harbours.html,,11,29.2,partly_cloudy,13.0,119,2.3,7.3,1.19,7.4,126,0.72,7.0,moderate,29.2,0.41,74,92,86,1.03,62,moderate,none,2,,,none,False,synthetic_demo_baseline,INCOIS/IMD variable schema + deterministic Indian coastal regional model
fh_46,fishing_harbour,Development of Smart and Integrated Fishing Harbour at Vanakbara,Diu,20.71,70.99,prototype_geospatial_anchor,Department of Fisheries PMMSY Fishing Harbour Map,https://pmmsy.dof.gov.in/static/harbour/harbours.html,,10,29.2,cloudy,12.1,188,5.3,7.4,1.12,6.7,187,0.8,8.0,moderate,28.1,0.34,143,59,116,0.61,44,low,none,21,,,none,False,synthetic_demo_baseline,INCOIS/IMD variable schema + deterministic Indian coastal regional model
fh_46,fishing_harbour,Development of Smart and Integrated Fishing Harbour at Vanakbara,Diu,20.71,70.99,prototype_geospatial_anchor,Department of Fisheries PMMSY Fishing Harbour Map,https://pmmsy.dof.gov.in/static/harbour/harbours.html,,11,27.8,partly_cloudy,10.1,154,3.8,7.8,0.97,6.5,151,0.67,7.5,slight,27.8,0.32,109,69,103,0.53,38,low,none,14,,,none,False,synthetic_demo_baseline,INCOIS/IMD variable schema + deterministic Indian coastal regional model
fh_47,fishing_harbour,Modernisation of Paradip Fishing Harbour,Jagatsinghpur,20.26,86.68,prototype_geospatial_anchor,Department of Fisheries PMMSY Fishing Harbour Map,https://pmmsy.dof.gov.in/static/harbour/harbours.html,,10,29.0,partly_cloudy,12.8,193,10.6,6.9,1.16,6.5,189,0.85,7.7,moderate,28.3,0.32,143,52,108,0.75,49,moderate,elevated,47,,,none,False,synthetic_demo_baseline,INCOIS/IMD variable schema + deterministic Indian coastal regional model
fh_47,fishing_harbour,Modernisation of Paradip Fishing Harbour,Jagatsinghpur,20.26,86.68,prototype_geospatial_anchor,Department of Fisheries PMMSY Fishing Harbour Map,https://pmmsy.dof.gov.in/static/harbour/harbours.html,,11,28.4,cloudy,14.4,230,6.1,6.3,1.31,6.8,230,0.96,8.3,moderate,28.3,0.35,180,74,123,0.86,51,moderate,elevated,57,,,none,False,synthetic_demo_baseline,INCOIS/IMD variable schema + deterministic Indian coastal regional model
fh_48,fishing_harbour,Development of Stage-II Fishing Harbour at Nuagarh (Astranga),Puri,19.98,86.33,prototype_geospatial_anchor,Department of Fisheries PMMSY Fishing Harbour Map,https://pmmsy.dof.gov.in/static/harbour/harbours.html,,10,28.4,partly_cloudy,11.8,134,4.1,5.7,1.29,7.6,144,0.76,6.8,moderate,28.9,0.44,84,85,85,1.24,63,moderate,none,43,,,none,False,synthetic_demo_baseline,INCOIS/IMD variable schema + deterministic Indian coastal regional model
fh_48,fishing_harbour,Development of Stage-II Fishing Harbour at Nuagarh (Astranga),Puri,19.98,86.33,prototype_geospatial_anchor,Department of Fisheries PMMSY Fishing Harbour Map,https://pmmsy.dof.gov.in/static/harbour/harbours.html,,11,29.2,clear,15.5,293,8.9,6.2,1.38,6.8,293,1.06,9.3,moderate,28.3,0.35,243,74,147,0.86,53,moderate,elevated,61,,,marine_weather_watch,False,synthetic_demo_baseline,INCOIS/IMD variable schema + deterministic Indian coastal regional model
fh_49,fishing_harbour,Construction of Fishing Harbour at Thengaithittu,Arian,11.9,79.82,prototype_geospatial_anchor,Department of Fisheries PMMSY Fishing Harbour Map,https://pmmsy.dof.gov.in/static/harbour/harbours.html,,10,30.0,partly_cloudy,12.0,118,5.1,7.2,1.14,7.4,125,0.68,6.9,moderate,29.3,0.41,73,77,86,1.04,63,moderate,none,4,,,none,False,synthetic_demo_baseline,INCOIS/IMD variable schema + deterministic Indian coastal regional model
fh_49,fishing_harbour,Construction of Fishing Harbour at Thengaithittu,Arian,11.9,79.82,prototype_geospatial_anchor,Department of Fisheries PMMSY Fishing Harbour Map,https://pmmsy.dof.gov.in/static/harbour/harbours.html,,11,30.3,clear,14.9,235,7.4,7.2,1.28,7.3,240,0.89,8.8,moderate,29.0,0.4,190,88,131,0.97,63,moderate,none,10,,,none,False,synthetic_demo_baseline,INCOIS/IMD variable schema + deterministic Indian coastal regional model
fh_50,fishing_harbour,Upgradation of Puducherry Fishing Harbour,Thengaithittu District,11.93,79.83,prototype_geospatial_anchor,Department of Fisheries PMMSY Fishing Harbour Map,https://pmmsy.dof.gov.in/static/harbour/harbours.html,,10,31.0,cloudy,13.5,213,15.6,8.3,1.04,6.3,207,0.81,8.4,moderate,28.8,0.29,168,45,123,0.54,50,moderate,none,10,,,none,False,synthetic_demo_baseline,INCOIS/IMD variable schema + deterministic Indian coastal regional model
fh_50,fishing_harbour,Upgradation of Puducherry Fishing Harbour,Thengaithittu District,11.93,79.83,prototype_geospatial_anchor,Department of Fisheries PMMSY Fishing Harbour Map,https://pmmsy.dof.gov.in/static/harbour/harbours.html,,11,30.1,cloudy,14.7,219,6.7,7.3,1.25,7.3,224,0.87,8.5,moderate,29.0,0.39,174,87,125,0.96,62,moderate,none,9,,,none,False,synthetic_demo_baseline,INCOIS/IMD variable schema + deterministic Indian coastal regional model
fh_51,fishing_harbour,Chandipur Fishing Harbour,Balasore,21.47,87.02,prototype_geospatial_anchor,Department of Fisheries PMMSY Fishing Harbour Map,https://pmmsy.dof.gov.in/static/harbour/harbours.html,,10,29.7,clear,14.1,272,19.4,5.8,1.39,7.4,278,0.97,8.9,moderate,28.6,0.41,222,76,140,1.12,62,moderate,elevated,52,,,none,False,synthetic_demo_baseline,INCOIS/IMD variable schema + deterministic Indian coastal regional model
fh_51,fishing_harbour,Chandipur Fishing Harbour,Balasore,21.47,87.02,prototype_geospatial_anchor,Department of Fisheries PMMSY Fishing Harbour Map,https://pmmsy.dof.gov.in/static/harbour/harbours.html,,11,28.4,clear,14.8,251,7.0,6.3,1.34,6.8,251,0.99,8.6,moderate,28.1,0.35,201,75,132,0.87,51,moderate,elevated,58,,,none,False,synthetic_demo_baseline,INCOIS/IMD variable schema + deterministic Indian coastal regional model
fh_52,fishing_harbour,Up-gradation of Pazhayar Fishing Harbour,Mayiladuthurai,11.35,79.84,prototype_geospatial_anchor,Department of Fisheries PMMSY Fishing Harbour Map,https://pmmsy.dof.gov.in/static/harbour/harbours.html,,10,31.2,cloudy,13.6,218,16.2,8.1,1.07,6.4,213,0.82,8.5,moderate,28.9,0.31,173,48,124,0.6,53,moderate,none,11,,,none,False,synthetic_demo_baseline,INCOIS/IMD variable schema + deterministic Indian coastal regional model
fh_52,fishing_harbour,Up-gradation of Pazhayar Fishing Harbour,Mayiladuthurai,11.35,79.84,prototype_geospatial_anchor,Department of Fisheries PMMSY Fishing Harbour Map,https://pmmsy.dof.gov.in/static/harbour/harbours.html,,11,30.1,cloudy,14.5,213,6.5,7.0,1.29,7.6,221,0.86,8.4,moderate,29.2,0.42,168,95,122,1.08,66,moderate,none,8,,,none,False,synthetic_demo_baseline,INCOIS/IMD variable schema + deterministic Indian coastal regional model
fh_53,fishing_harbour,Modernization and up-gradation of Chennai Fishing Harbour,Chennai,13.09,80.3,prototype_geospatial_anchor,Department of Fisheries PMMSY Fishing Harbour Map,https://pmmsy.dof.gov.in/static/harbour/harbours.html,,10,30.7,cloudy,13.5,207,15.0,6.8,1.24,7.6,216,0.8,8.3,moderate,29.2,0.43,162,81,121,1.1,68,moderate,none,10,,,none,False,synthetic_demo_baseline,INCOIS/IMD variable schema + deterministic Indian coastal regional model
fh_53,fishing_harbour,Modernization and up-gradation of Chennai Fishing Harbour,Chennai,13.09,80.3,prototype_geospatial_anchor,Department of Fisheries PMMSY Fishing Harbour Map,https://pmmsy.dof.gov.in/static/harbour/harbours.html,,11,29.0,partly_cloudy,13.3,138,3.1,7.6,1.15,7.0,141,0.75,7.3,moderate,28.8,0.37,93,81,94,0.87,55,moderate,none,3,,,none,False,synthetic_demo_baseline,INCOIS/IMD variable schema + deterministic Indian coastal regional model
fh_54,fishing_harbour,Maintenance Dredging of Colachel Fishing Harbour,Kanniyakumari,8.18,77.25,prototype_geospatial_anchor,Department of Fisheries PMMSY Fishing Harbour Map,https://pmmsy.dof.gov.in/static/harbour/harbours.html,,10,30.6,partly_cloudy,11.9,117,4.9,8.5,0.96,6.2,111,0.68,6.9,slight,29.2,0.3,72,46,84,0.56,50,moderate,none,4,,,none,False,synthetic_demo_baseline,INCOIS/IMD variable schema + deterministic Indian coastal regional model
fh_54,fishing_harbour,Maintenance Dredging of Colachel Fishing Harbour,Kanniyakumari,8.18,77.25,prototype_geospatial_anchor,Department of Fisheries PMMSY Fishing Harbour Map,https://pmmsy.dof.gov.in/static/harbour/harbours.html,,11,30.4,cloudy,14.1,187,5.3,8.4,1.08,6.3,182,0.82,8.0,moderate,29.0,0.3,142,61,111,0.57,52,moderate,none,6,,,none,False,synthetic_demo_baseline,INCOIS/IMD variable schema + deterministic Indian coastal regional model
fh_55,fishing_harbour,Construction of Fishing harbour at Tharangampadi,Nagapattinam,11.03,79.85,prototype_geospatial_anchor,Department of Fisheries PMMSY Fishing Harbour Map,https://pmmsy.dof.gov.in/static/harbour/harbours.html,,10,29.9,partly_cloudy,11.6,95,2.6,7.1,1.14,7.5,104,0.64,6.6,moderate,29.4,0.43,50,81,76,1.1,65,moderate,none,2,,,none,False,synthetic_demo_baseline,INCOIS/IMD variable schema + deterministic Indian coastal regional model
fh_55,fishing_harbour,Construction of Fishing harbour at Tharangampadi,Nagapattinam,11.03,79.85,prototype_geospatial_anchor,Department of Fisheries PMMSY Fishing Harbour Map,https://pmmsy.dof.gov.in/static/harbour/harbours.html,,11,30.2,cloudy,14.6,214,6.5,8.1,1.14,6.5,211,0.86,8.4,moderate,28.8,0.32,169,67,123,0.65,53,moderate,none,8,,,none,False,synthetic_demo_baseline,INCOIS/IMD variable schema + deterministic Indian coastal regional model
fh_56,fishing_harbour,Construction of Fishing harbour at ThiruvottriyurKuppam,Tiruvallur,13.17,80.33,prototype_geospatial_anchor,Department of Fisheries PMMSY Fishing Harbour Map,https://pmmsy.dof.gov.in/static/harbour/harbours.html,,10,30.4,cloudy,12.9,175,11.5,8.3,1.02,6.4,170,0.76,7.8,moderate,28.7,0.31,130,48,108,0.59,49,moderate,none,8,,,none,False,synthetic_demo_baseline,INCOIS/IMD variable schema + deterministic Indian coastal regional model
fh_56,fishing_harbour,Construction of Fishing harbour at ThiruvottriyurKuppam,Tiruvallur,13.17,80.33,prototype_geospatial_anchor,Department of Fisheries PMMSY Fishing Harbour Map,https://pmmsy.dof.gov.in/static/harbour/harbours.html,,11,30.1,clear,15.1,243,7.8,7.5,1.23,7.0,245,0.9,8.9,moderate,28.7,0.36,198,79,135,0.83,58,moderate,none,10,,,none,False,synthetic_demo_baseline,INCOIS/IMD variable schema + deterministic Indian coastal regional model
fh_57,fishing_harbour,Development of existing Fishing Harbour at Mudhunagar,Cuddalore,11.72,79.76,prototype_geospatial_anchor,Department of Fisheries PMMSY Fishing Harbour Map,https://pmmsy.dof.gov.in/static/harbour/harbours.html,,10,30.9,cloudy,13.4,202,14.4,7.3,1.18,7.2,206,0.8,8.2,moderate,29.2,0.39,157,71,118,0.94,64,moderate,none,9,,,none,False,synthetic_demo_baseline,INCOIS/IMD variable schema + deterministic Indian coastal regional model
fh_57,fishing_harbour,Development of existing Fishing Harbour at Mudhunagar,Cuddalore,11.72,79.76,prototype_geospatial_anchor,Department of Fisheries PMMSY Fishing Harbour Map,https://pmmsy.dof.gov.in/static/harbour/harbours.html,,11,30.4,clear,15.1,244,7.9,8.5,1.09,6.1,236,0.9,8.9,moderate,28.5,0.28,199,54,135,0.46,47,moderate,none,10,,,none,False,synthetic_demo_baseline,INCOIS/IMD variable schema + deterministic Indian coastal regional model
fh_58,fishing_harbour,Development of Fishing Harbour at Arcottuthurai,Nagapattinam,10.56,79.75,prototype_geospatial_anchor,Department of Fisheries PMMSY Fishing Harbour Map,https://pmmsy.dof.gov.in/static/harbour/harbours.html,,10,30.9,cloudy,13.0,182,12.2,7.9,1.08,6.7,181,0.77,7.9,moderate,29.1,0.34,137,56,110,0.72,57,moderate,none,8,,,none,False,synthetic_demo_baseline,INCOIS/IMD variable schema + deterministic Indian coastal regional model
fh_58,fishing_harbour,Development of Fishing Harbour at Arcottuthurai,Nagapattinam,10.56,79.75,prototype_geospatial_anchor,Department of Fisheries PMMSY Fishing Harbour Map,https://pmmsy.dof.gov.in/static/harbour/harbours.html,,11,30.1,cloudy,14.3,200,5.9,7.5,1.21,7.1,203,0.84,8.2,moderate,29.1,0.38,155,83,117,0.9,61,moderate,none,7,,,none,False,synthetic_demo_baseline,INCOIS/IMD variable schema + deterministic Indian coastal regional model
fh_59,fishing_harbour,Construction of Fishing harbour at Azhagankuppam,Villupuram,12.05,79.88,prototype_geospatial_anchor,Department of Fisheries PMMSY Fishing Harbour Map,https://pmmsy.dof.gov.in/static/harbour/harbours.html,,10,31.2,clear,13.8,230,17.5,8.0,1.09,6.5,226,0.84,8.7,moderate,28.9,0.32,185,52,129,0.65,55,moderate,none,11,,,none,False,synthetic_demo_baseline,INCOIS/IMD variable schema + deterministic Indian coastal regional model
fh_59,fishing_harbour,Construction of Fishing harbour at Azhagankuppam,Villupuram,12.05,79.88,prototype_geospatial_anchor,Department of Fisheries PMMSY Fishing Harbour Map,https://pmmsy.dof.gov.in/static/harbour/harbours.html,,11,30.6,clear,15.5,268,8.9,7.2,1.29,7.2,272,0.93,9.3,moderate,29.0,0.39,223,85,144,0.93,63,moderate,none,12,,,none,False,synthetic_demo_baseline,INCOIS/IMD variable schema + deterministic Indian coastal regional model
fh_60,fishing_harbour,Development of Fishing Harbour at Vellapallam,Nagapattinam,10.58,79.76,prototype_geospatial_anchor,Department of Fisheries PMMSY Fishing Harbour Map,https://pmmsy.dof.gov.in/static/harbour/harbours.html,,10,31.7,clear,14.2,253,20.1,6.8,1.27,7.5,260,0.87,9.0,moderate,29.4,0.42,208,79,137,1.06,71,high,none,13,,,none,False,synthetic_demo_baseline,INCOIS/IMD variable schema + deterministic Indian coastal regional model
fh_60,fishing_harbour,Development of Fishing Harbour at Vellapallam,Nagapattinam,10.58,79.76,prototype_geospatial_anchor,Department of Fisheries PMMSY Fishing Harbour Map,https://pmmsy.dof.gov.in/static/harbour/harbours.html,,11,30.5,clear,15.0,238,7.6,8.0,1.16,6.5,235,0.89,8.8,moderate,28.8,0.32,193,67,132,0.65,54,moderate,none,10,,,none,False,synthetic_demo_baseline,INCOIS/IMD variable schema + deterministic Indian coastal regional model
fh_61,fishing_harbour,Expansion and Modernization of Thengapattinam Fishing,Thengapattinam,8.28,77.15,prototype_geospatial_anchor,Department of Fisheries PMMSY Fishing Harbour Map,https://pmmsy.dof.gov.in/static/harbour/harbours.html,,10,31.2,partly_cloudy,12.8,167,10.6,6.9,1.2,7.6,176,0.75,7.7,moderate,29.7,0.43,122,81,103,1.1,71,high,none,7,,,none,False,synthetic_demo_baseline,INCOIS/IMD variable schema + deterministic Indian coastal regional model
fh_61,fishing_harbour,Expansion and Modernization of Thengapattinam Fishing,Thengapattinam,8.28,77.15,prototype_geospatial_anchor,Department of Fisheries PMMSY Fishing Harbour Map,https://pmmsy.dof.gov.in/static/harbour/harbours.html,,11,30.7,cloudy,14.5,211,6.4,7.8,1.18,6.8,211,0.85,8.4,moderate,29.2,0.35,166,75,120,0.77,60,moderate,none,8,,,none,False,synthetic_demo_baseline,INCOIS/IMD variable schema + deterministic Indian coastal regional model
fh_62,fishing_harbour,Extension of T-Jetty at Tharuvaikulam,Thoothukudi,8.82,78.14,prototype_geospatial_anchor,Department of Fisheries PMMSY Fishing Harbour Map,https://pmmsy.dof.gov.in/static/harbour/harbours.html,,10,31.3,cloudy,13.1,184,12.4,7.0,1.21,7.5,191,0.77,8.0,moderate,29.6,0.42,139,79,110,1.06,70,moderate,none,8,,,none,False,synthetic_demo_baseline,INCOIS/IMD variable schema + deterministic Indian coastal regional model
fh_62,fishing_harbour,Extension of T-Jetty at Tharuvaikulam,Thoothukudi,8.82,78.14,prototype_geospatial_anchor,Department of Fisheries PMMSY Fishing Harbour Map,https://pmmsy.dof.gov.in/static/harbour/harbours.html,,11,29.7,partly_cloudy,13.2,131,2.8,7.6,1.15,7.1,134,0.74,7.1,moderate,29.2,0.38,86,83,89,0.89,60,moderate,none,3,,,none,False,synthetic_demo_baseline,INCOIS/IMD variable schema + deterministic Indian coastal regional model
fh_63,fishing_harbour,Modernisation and upgradation of existing fishing harbour at Petuaghat,Medinipur,21.78,87.89,prototype_geospatial_anchor,Department of Fisheries PMMSY Fishing Harbour Map,https://pmmsy.dof.gov.in/static/harbour/harbours.html,,10,28.5,partly_cloudy,12.5,172,8.4,7.4,1.08,6.1,165,0.82,7.4,moderate,28.0,0.28,122,41,101,0.59,41,low,elevated,46,,,none,False,synthetic_demo_baseline,INCOIS/IMD variable schema + deterministic Indian coastal regional model
fh_63,fishing_harbour,Modernisation and upgradation of existing fishing harbour at Petuaghat,Medinipur,21.78,87.89,prototype_geospatial_anchor,Department of Fisheries PMMSY Fishing Harbour Map,https://pmmsy.dof.gov.in/static/harbour/harbours.html,,11,27.3,partly_cloudy,13.1,153,2.7,6.5,1.22,6.7,152,0.84,7.1,moderate,28.1,0.35,103,73,94,0.85,47,moderate,elevated,52,,,none,False,synthetic_demo_baseline,INCOIS/IMD variable schema + deterministic Indian coastal regional model
fh_64,fishing_harbour,Modernisation and upgradation of existing fishing harbour at Shankarpur,Purba Medinipur,21.69,87.55,prototype_geospatial_anchor,Department of Fisheries PMMSY Fishing Harbour Map,https://pmmsy.dof.gov.in/static/harbour/harbours.html,,10,29.0,cloudy,13.2,216,13.3,6.2,1.29,7.1,220,0.89,8.1,moderate,28.5,0.39,166,70,118,1.02,57,moderate,elevated,49,,,none,False,synthetic_demo_baseline,INCOIS/IMD variable schema + deterministic Indian coastal regional model
fh_64,fishing_harbour,Modernisation and upgradation of existing fishing harbour at Shankarpur,Purba Medinipur,21.69,87.55,prototype_geospatial_anchor,Department of Fisheries PMMSY Fishing Harbour Map,https://pmmsy.dof.gov.in/static/harbour/harbours.html,,11,27.6,partly_cloudy,13.6,179,3.9,6.3,1.28,6.9,181,0.88,7.5,moderate,28.2,0.36,129,78,104,0.93,50,moderate,elevated,53,,,none,False,synthetic_demo_baseline,INCOIS/IMD variable schema + deterministic Indian coastal regional model
fh_65,fishing_harbour,Modernisation and upgradation of existing fishing harbour at Frasergunj,South 24 Parganas,21.56,88.26,prototype_geospatial_anchor,Department of Fisheries PMMSY Fishing Harbour Map,https://pmmsy.dof.gov.in/static/harbour/harbours.html,,10,29.5,clear,11.6,231,7.2,8.4,0.94,6.0,223,0.76,8.7,slight,28.3,0.28,186,40,133,0.33,42,low,none,11,,,none,False,synthetic_demo_baseline,INCOIS/IMD variable schema + deterministic Indian coastal regional model
fh_65,fishing_harbour,Modernisation and upgradation of existing fishing harbour at Frasergunj,South 24 Parganas,21.56,88.26,prototype_geospatial_anchor,Department of Fisheries PMMSY Fishing Harbour Map,https://pmmsy.dof.gov.in/static/harbour/harbours.html,,11,28.0,cloudy,11.1,189,5.4,7.0,1.13,7.4,197,0.71,8.0,moderate,28.7,0.42,144,94,117,0.91,58,moderate,none,7,,,none,False,synthetic_demo_baseline,INCOIS/IMD variable schema + deterministic Indian coastal regional model
fh_66,fishing_harbour,Modernisation and upgradation of existing fishing harbour at Kakdwip,South 24 Parganas,21.88,88.18,prototype_geospatial_anchor,Department of Fisheries PMMSY Fishing Harbour Map,https://pmmsy.dof.gov.in/static/harbour/harbours.html,,10,29.8,clear,11.9,263,8.7,7.4,1.1,7.0,265,0.8,9.2,moderate,28.7,0.37,218,66,146,0.71,56,moderate,none,14,,,none,False,synthetic_demo_baseline,INCOIS/IMD variable schema + deterministic Indian coastal regional model
fh_66,fishing_harbour,Modernisation and upgradation of existing fishing harbour at Kakdwip,South 24 Parganas,21.88,88.18,prototype_geospatial_anchor,Department of Fisheries PMMSY Fishing Harbour Map,https://pmmsy.dof.gov.in/static/harbour/harbours.html,,11,27.9,cloudy,11.0,181,5.0,7.8,1.02,6.8,181,0.7,7.9,moderate,28.4,0.36,136,76,114,0.64,48,moderate,none,6,,,none,False,synthetic_demo_baseline,INCOIS/IMD variable schema + deterministic Indian coastal regional model
port_00,port,Mumbai Port,Mumbai,18.9322,72.8466,prototype_geospatial_anchor,"Ministry of Ports, Shipping and Waterways / demo-relevant port subset",https://shipmin.gov.in/en/publication/trw-publication,Maharashtra,10,29.3,cloudy,10.9,175,4.8,7.4,1.04,7.1,179,0.67,7.8,moderate,28.5,0.38,130,70,110,0.77,51,moderate,none,8,,,none,False,synthetic_demo_baseline,INCOIS/IMD variable schema + deterministic Indian coastal regional model
port_00,port,Mumbai Port,Mumbai,18.9322,72.8466,prototype_geospatial_anchor,"Ministry of Ports, Shipping and Waterways / demo-relevant port subset",https://shipmin.gov.in/en/publication/trw-publication,Maharashtra,11,28.2,partly_cloudy,10.8,159,4.1,8.6,0.87,6.1,152,0.65,7.6,slight,27.8,0.28,114,57,105,0.35,34,low,none,5,,,none,False,synthetic_demo_baseline,INCOIS/IMD variable schema + deterministic Indian coastal regional model
port_01,port,Jawaharlal Nehru Port (JNPT),Raigad,18.95,72.95,prototype_geospatial_anchor,"Ministry of Ports, Shipping and Waterways / demo-relevant port subset",https://shipmin.gov.in/en/publication/trw-publication,Maharashtra,10,29.0,partly_cloudy,10.6,146,3.5,8.3,0.9,6.3,141,0.63,7.4,slight,28.1,0.31,101,49,99,0.46,39,low,none,6,,,none,False,synthetic_demo_baseline,INCOIS/IMD variable schema + deterministic Indian coastal regional model
port_01,port,Jawaharlal Nehru Port (JNPT),Raigad,18.95,72.95,prototype_geospatial_anchor,"Ministry of Ports, Shipping and Waterways / demo-relevant port subset",https://shipmin.gov.in/en/publication/trw-publication,Maharashtra,11,28.9,cloudy,11.5,222,6.9,7.5,1.04,7.0,224,0.72,8.6,moderate,28.2,0.37,177,81,129,0.71,49,moderate,none,9,,,none,False,synthetic_demo_baseline,INCOIS/IMD variable schema + deterministic Indian coastal regional model
port_02,port,Cochin Port,Ernakulam,9.9631,76.2625,prototype_geospatial_anchor,"Ministry of Ports, Shipping and Waterways / demo-relevant port subset",https://shipmin.gov.in/en/publication/trw-publication,Kerala,10,31.0,cloudy,13.0,182,12.2,7.1,1.19,7.4,189,0.77,7.9,moderate,29.5,0.41,137,77,110,1.03,68,moderate,none,8,,,none,False,synthetic_demo_baseline,INCOIS/IMD variable schema + deterministic Indian coastal regional model
port_02,port,Cochin Port,Ernakulam,9.9631,76.2625,prototype_geospatial_anchor,"Ministry of Ports, Shipping and Waterways / demo-relevant port subset",https://shipmin.gov.in/en/publication/trw-publication,Kerala,11,29.1,partly_cloudy,12.6,95,1.2,7.3,1.17,7.4,103,0.69,6.6,moderate,29.3,0.41,50,93,76,1.04,62,moderate,none,0,,,none,False,synthetic_demo_baseline,INCOIS/IMD variable schema + deterministic Indian coastal regional model
port_03,port,New Mangalore Port,Dakshina Kannada,12.9288,74.8142,prototype_geospatial_anchor,"Ministry of Ports, Shipping and Waterways / demo-relevant port subset",https://shipmin.gov.in/en/publication/trw-publication,Karnataka,10,30.9,cloudy,11.4,217,6.7,8.4,0.91,6.1,210,0.72,8.5,slight,28.6,0.28,172,42,125,0.65,52,moderate,none,10,,,none,False,synthetic_demo_baseline,INCOIS/IMD variable schema + deterministic Indian coastal regional model
port_03,port,New Mangalore Port,Dakshina Kannada,12.9288,74.8142,prototype_geospatial_anchor,"Ministry of Ports, Shipping and Waterways / demo-relevant port subset",https://shipmin.gov.in/en/publication/trw-publication,Karnataka,11,29.7,cloudy,11.2,198,5.8,7.0,1.11,7.4,206,0.7,8.2,moderate,29.0,0.42,153,95,117,1.22,69,moderate,none,7,,,none,False,synthetic_demo_baseline,INCOIS/IMD variable schema + deterministic Indian coastal regional model
port_04,port,Mormugao Port,South Goa,15.4093,73.8043,prototype_geospatial_anchor,"Ministry of Ports, Shipping and Waterways / demo-relevant port subset",https://shipmin.gov.in/en/publication/trw-publication,Goa,10,29.9,partly_cloudy,10.9,167,4.4,7.7,0.98,6.8,168,0.66,7.7,slight,28.7,0.35,122,61,106,0.65,50,moderate,none,7,,,none,False,synthetic_demo_baseline,INCOIS/IMD variable schema + deterministic Indian coastal regional model
port_04,port,Mormugao Port,South Goa,15.4093,73.8043,prototype_geospatial_anchor,"Ministry of Ports, Shipping and Waterways / demo-relevant port subset",https://shipmin.gov.in/en/publication/trw-publication,Goa,11,28.8,partly_cloudy,10.8,159,4.1,8.2,0.92,6.4,156,0.65,7.6,slight,28.3,0.32,114,66,103,0.49,42,low,none,5,,,none,False,synthetic_demo_baseline,INCOIS/IMD variable schema + deterministic Indian coastal regional model
port_05,port,Chennai Port,Chennai,13.0846,80.2934,prototype_geospatial_anchor,"Ministry of Ports, Shipping and Waterways / demo-relevant port subset",https://shipmin.gov.in/en/publication/trw-publication,Tamil Nadu,10,31.3,clear,14.3,259,20.8,7.3,1.21,7.1,262,0.88,9.1,moderate,29.0,0.38,214,68,141,0.89,63,moderate,none,13,,,none,False,synthetic_demo_baseline,INCOIS/IMD variable schema + deterministic Indian coastal regional model
port_05,port,Chennai Port,Chennai,13.0846,80.2934,prototype_geospatial_anchor,"Ministry of Ports, Shipping and Waterways / demo-relevant port subset",https://shipmin.gov.in/en/publication/trw-publication,Tamil Nadu,11,28.9,partly_cloudy,13.1,128,2.7,7.1,1.22,7.6,137,0.74,7.1,moderate,29.0,0.43,83,96,90,1.09,62,moderate,none,3,,,none,False,synthetic_demo_baseline,INCOIS/IMD variable schema + deterministic Indian coastal regional model
port_06,port,Visakhapatnam Port,Visakhapatnam,17.697,83.2848,prototype_geospatial_anchor,"Ministry of Ports, Shipping and Waterways / demo-relevant port subset",https://shipmin.gov.in/en/publication/trw-publication,Andhra Pradesh,10,30.2,clear,13.9,257,17.7,5.8,1.37,7.4,263,0.95,8.7,moderate,29.0,0.41,207,75,132,1.11,65,moderate,elevated,51,,,none,False,synthetic_demo_baseline,INCOIS/IMD variable schema + deterministic Indian coastal regional model
port_06,port,Visakhapatnam Port,Visakhapatnam,17.697,83.2848,prototype_geospatial_anchor,"Ministry of Ports, Shipping and Waterways / demo-relevant port subset",https://shipmin.gov.in/en/publication/trw-publication,Andhra Pradesh,11,29.4,clear,15.1,272,8.0,6.8,1.28,6.4,266,1.03,8.9,moderate,28.3,0.3,222,61,138,0.67,49,moderate,elevated,59,,,none,False,synthetic_demo_baseline,INCOIS/IMD variable schema + deterministic Indian coastal regional model
port_07,port,Paradip Port,Jagatsinghpur,20.2669,86.7045,prototype_geospatial_anchor,"Ministry of Ports, Shipping and Waterways / demo-relevant port subset",https://shipmin.gov.in/en/publication/trw-publication,Odisha,10,29.5,cloudy,13.5,235,15.3,7.4,1.12,6.0,226,0.92,8.4,moderate,28.1,0.27,185,36,125,0.52,43,low,elevated,50,,,none,False,synthetic_demo_baseline,INCOIS/IMD variable schema + deterministic Indian coastal regional model
port_07,port,Paradip Port,Jagatsinghpur,20.2669,86.7045,prototype_geospatial_anchor,"Ministry of Ports, Shipping and Waterways / demo-relevant port subset",https://shipmin.gov.in/en/publication/trw-publication,Odisha,11,28.2,cloudy,14.0,205,5.0,6.9,1.21,6.3,199,0.92,7.9,moderate,28.0,0.3,155,61,113,0.66,44,low,elevated,55,,,none,False,synthetic_demo_baseline,INCOIS/IMD variable schema + deterministic Indian coastal regional model
port_08,port,Kolkata Port,Kolkata,22.5597,88.3116,prototype_geospatial_anchor,"Ministry of Ports, Shipping and Waterways / demo-relevant port subset",https://shipmin.gov.in/en/publication/trw-publication,West Bengal,10,27.8,partly_cloudy,10.1,98,1.3,7.6,1.0,7.0,100,0.6,6.6,moderate,28.7,0.38,53,67,82,0.73,49,moderate,none,3,,,none,False,synthetic_demo_baseline,INCOIS/IMD variable schema + deterministic Indian coastal regional model
port_08,port,Kolkata Port,Kolkata,22.5597,88.3116,prototype_geospatial_anchor,"Ministry of Ports, Shipping and Waterways / demo-relevant port subset",https://shipmin.gov.in/en/publication/trw-publication,West Bengal,11,28.4,clear,11.7,241,7.7,8.5,0.94,6.0,233,0.77,8.9,slight,28.0,0.28,196,55,138,0.33,39,low,none,10,,,none,False,synthetic_demo_baseline,INCOIS/IMD variable schema + deterministic Indian coastal regional model
port_09,port,Syama Prasad Mookerjee Port Haldia,Purba Medinipur,22.03,88.06,prototype_geospatial_anchor,"Ministry of Ports, Shipping and Waterways / demo-relevant port subset",https://shipmin.gov.in/en/publication/trw-publication,West Bengal,10,28.6,partly_cloudy,10.7,156,3.9,6.9,1.13,7.6,165,0.67,7.5,moderate,29.0,0.44,111,83,104,0.98,60,moderate,none,6,,,none,False,synthetic_demo_baseline,INCOIS/IMD variable schema + deterministic Indian coastal regional model
port_09,port,Syama Prasad Mookerjee Port Haldia,Purba Medinipur,22.03,88.06,prototype_geospatial_anchor,"Ministry of Ports, Shipping and Waterways / demo-relevant port subset",https://shipmin.gov.in/en/publication/trw-publication,West Bengal,11,27.7,partly_cloudy,10.8,166,4.4,8.0,0.98,6.6,165,0.68,7.7,slight,28.3,0.34,121,71,109,0.56,44,low,none,5,,,none,False,synthetic_demo_baseline,INCOIS/IMD variable schema + deterministic Indian coastal regional model
port_10,port,V.O. Chidambaranar Port,Thoothukudi,8.76,78.19,prototype_geospatial_anchor,"Ministry of Ports, Shipping and Waterways / demo-relevant port subset",https://shipmin.gov.in/en/publication/trw-publication,Tamil Nadu,10,31.6,cloudy,13.5,210,15.3,7.0,1.22,7.5,217,0.81,8.4,moderate,29.6,0.41,165,78,120,1.05,70,high,none,10,,,none,False,synthetic_demo_baseline,INCOIS/IMD variable schema + deterministic Indian coastal regional model
port_10,port,V.O. Chidambaranar Port,Thoothukudi,8.76,78.19,prototype_geospatial_anchor,"Ministry of Ports, Shipping and Waterways / demo-relevant port subset",https://shipmin.gov.in/en/publication/trw-publication,Tamil Nadu,11,31.0,clear,15.2,254,8.3,7.1,1.29,7.4,259,0.91,9.0,moderate,29.3,0.4,209,89,137,0.98,67,moderate,none,11,,,none,False,synthetic_demo_baseline,INCOIS/IMD variable schema + deterministic Indian coastal regional model
port_11,port,Kamarajar Port,Tiruvallur,13.24,80.34,prototype_geospatial_anchor,"Ministry of Ports, Shipping and Waterways / demo-relevant port subset",https://shipmin.gov.in/en/publication/trw-publication,Tamil Nadu,10,30.9,cloudy,13.7,222,16.6,8.4,1.03,6.1,214,0.82,8.5,moderate,28.6,0.28,177,41,126,0.5,48,moderate,none,11,,,none,False,synthetic_demo_baseline,INCOIS/IMD variable schema + deterministic Indian coastal regional model
port_11,port,Kamarajar Port,Tiruvallur,13.24,80.34,prototype_geospatial_anchor,"Ministry of Ports, Shipping and Waterways / demo-relevant port subset",https://shipmin.gov.in/en/publication/trw-publication,Tamil Nadu,11,29.9,clear,14.8,226,7.0,6.8,1.32,7.6,235,0.88,8.6,moderate,29.0,0.43,181,97,128,1.1,66,moderate,none,9,,,none,False,synthetic_demo_baseline,INCOIS/IMD variable schema + deterministic Indian coastal regional model
port_12,port,Deendayal Port,Kutch,22.97,70.22,prototype_geospatial_anchor,"Ministry of Ports, Shipping and Waterways / demo-relevant port subset",https://shipmin.gov.in/en/publication/trw-publication,Gujarat,10,29.5,clear,13.0,251,8.2,6.3,1.31,7.6,261,0.88,9.0,moderate,28.3,0.43,206,83,142,0.97,56,moderate,none,25,,,none,False,synthetic_demo_baseline,INCOIS/IMD variable schema + deterministic Indian coastal regional model
port_12,port,Deendayal Port,Kutch,22.97,70.22,prototype_geospatial_anchor,"Ministry of Ports, Shipping and Waterways / demo-relevant port subset",https://shipmin.gov.in/en/publication/trw-publication,Gujarat,11,28.5,clear,11.5,251,8.1,6.8,1.17,7.3,257,0.81,9.0,moderate,27.9,0.4,206,90,142,0.85,51,moderate,none,21,,,none,False,synthetic_demo_baseline,INCOIS/IMD variable schema + deterministic Indian coastal regional model
port_13,port,Mundra Port,Kutch,22.74,69.72,prototype_geospatial_anchor,"Ministry of Ports, Shipping and Waterways / demo-relevant port subset",https://shipmin.gov.in/en/publication/trw-publication,Gujarat,10,28.1,partly_cloudy,11.2,125,2.6,7.1,1.13,7.1,129,0.71,7.0,moderate,28.1,0.38,80,70,93,0.78,45,moderate,none,16,,,none,False,synthetic_demo_baseline,INCOIS/IMD variable schema + deterministic Indian coastal regional model
port_13,port,Mundra Port,Kutch,22.74,69.72,prototype_geospatial_anchor,"Ministry of Ports, Shipping and Waterways / demo-relevant port subset",https://shipmin.gov.in/en/publication/trw-publication,Gujarat,11,27.3,partly_cloudy,10.0,146,3.5,8.3,0.9,6.1,139,0.66,7.4,slight,27.4,0.28,101,57,101,0.36,30,low,none,14,,,none,False,synthetic_demo_baseline,INCOIS/IMD variable schema + deterministic Indian coastal regional model
port_14,port,Port Blair Port,South Andaman,11.667,92.75,prototype_geospatial_anchor,"Ministry of Ports, Shipping and Waterways / demo-relevant port subset",https://shipmin.gov.in/en/publication/trw-publication,Andaman and Nicobar Islands,10,30.9,cloudy,11.2,200,5.9,8.0,0.98,6.4,196,0.72,8.2,slight,29.5,0.32,155,52,117,0.51,56,moderate,none,9,,,none,False,synthetic_demo_baseline,INCOIS/IMD variable schema + deterministic Indian coastal regional model
port_14,port,Port Blair Port,South Andaman,11.667,92.75,prototype_geospatial_anchor,"Ministry of Ports, Shipping and Waterways / demo-relevant port subset",https://shipmin.gov.in/en/publication/trw-publication,Andaman and Nicobar Islands,11,29.5,partly_cloudy,10.8,162,4.2,6.9,1.13,7.6,172,0.68,7.6,moderate,29.8,0.44,117,98,103,0.97,69,moderate,none,5,,,none,False,synthetic_demo_baseline,INCOIS/IMD variable schema + deterministic Indian coastal regional model
fh_02,fishing_harbour,Development of Budugatlapalem Fishing Harbour,Srikakulam,18.63,84.3,prototype_geospatial_anchor,Department of Fisheries PMMSY Fishing Harbour Map,https://pmmsy.dof.gov.in/static/harbour/harbours.html,,10,28.8,partly_cloudy,12.1,150,5.8,5.9,1.27,7.4,157,0.78,7.0,moderate,28.9,0.42,100,78,91,1.15,62,moderate,none,44,,,none,False,synthetic_demo_baseline,INCOIS/IMD variable schema + deterministic Indian coastal regional model
fh_02,fishing_harbour,Development of Budugatlapalem Fishing Harbour,Srikakulam,18.63,84.3,prototype_geospatial_anchor,Department of Fisheries PMMSY Fishing Harbour Map,https://pmmsy.dof.gov.in/static/harbour/harbours.html,,11,29.4,clear,15.4,290,8.8,6.7,1.31,6.4,285,1.06,9.2,moderate,28.2,0.3,240,62,146,0.68,49,moderate,elevated,61,,,marine_weather_watch,False,synthetic_demo_baseline,INCOIS/IMD variable schema + deterministic Indian coastal regional model
