spotId,spotName,waterBodyType,state,district,latitude,longitude,fisheryStatus,evidence,sourceOrganization,fisherySource,coordinateSource,coordinateConfidence,fishingPotential,fishingPotentialBasis,evidenceClass,operationalDiscoveryEligible,operationalUseNote
inland_assam_bamuni_beel,Bamuni Beel,floodplain_beel,Assam,Kamrup Rural,26.315278,91.758333,documented_fishery,"ICAR-CIFRI documented culture-based fisheries, pen culture and capture-fishery dependence of local fisher households.",ICAR-CIFRI,https://www.icar.gov.in/en/node/5904,https://www.icar.gov.in/en/node/5904,high,,Not assigned unless explicitly supported by source.,documented_fisheries_resource,False,"Evidence supports a fisheries resource/development context, but not enough direct evidence for a precise fishing-destination recommendation."
inland_assam_charan_beel,Charan Beel,floodplain_beel,Assam,Baksa,26.474722,91.670278,documented_fishery,ICAR-CIFRI research documents culture-based fisheries work with beel fishers at Charan Beel.,ICAR-CIFRI,https://www.icar.gov.in/en/node/5904,https://www.researchgate.net/publication/362874703_Exploring_the_potential_of_culture-based_fisheries_for_augmenting_income_of_tribal_beel_fishers_A_success_story_from_Assam,high,,Not assigned unless explicitly supported by source.,documented_fisheries_resource,False,"Evidence supports a fisheries resource/development context, but not enough direct evidence for a precise fishing-destination recommendation."
inland_nagaland_doyang,Doyang Reservoir,reservoir,Nagaland,Wokha,26.219444,94.291667,documented_fishery,"ICAR-CIFRI documents reservoir fish catch, 100 full-time fishers, more than 250 dependent fisher families and fisheries/cage-culture activity.",ICAR-CIFRI,https://www.icar.gov.in/hi/node/17710,https://www.icar.gov.in/hi/node/17710,medium,,Not assigned unless explicitly supported by source.,documented_fisheries_resource,False,Not used for precise nearby-destination recommendations until coordinate is independently verified.
inland_meghalaya_umiam,Umiam Reservoir (Barapani),reservoir,Meghalaya,Ri-Bhoi,25.665417,91.89283,documented_fishery,"ICAR-CIFRI documents active reservoir fishing, fisher families, cage culture and fish seed stocking.",ICAR-CIFRI,https://icar.gov.in/en/icar-cifri-barrackpore-strengthens-women-led-blue-economy-through-sustainable-fisheries,https://indianwetlands.in/wp-content/themes/wetlands/templates/get_lat_lang_data.php,high,,Not assigned unless explicitly supported by source.,documented_fisheries_resource,False,"Evidence supports a fisheries resource/development context, but not enough direct evidence for a precise fishing-destination recommendation."
inland_himachal_gobind_sagar,Gobind Sagar Reservoir,reservoir,Himachal Pradesh,Bilaspur/Una,31.40538,76.49441,documented_fishery,"ICAR-CIFRI identifies Gobind Sagar as a major reservoir-fisheries resource and reports fisheries management, fish yield assessments and cage culture.",ICAR-CIFRI,https://www.icar.gov.in/en/icar-cifri-barrackpore-and-himachal-pradesh-partner-unlock-reservoir-fisheries-potential-and,https://mapcarta.com/14887378,high,,Not assigned unless explicitly supported by source.,documented_fisheries_resource,False,"Evidence supports a fisheries resource/development context, but not enough direct evidence for a precise fishing-destination recommendation."
inland_himachal_pong,Pong Reservoir (Maharana Pratap Sagar),reservoir,Himachal Pradesh,Kangra,31.97139,75.94667,documented_fishery,"ICAR-CIFRI identifies Pong as a reservoir-fisheries resource, including breeding-ground assessment, fishing-effort management and cage culture.",ICAR-CIFRI,https://www.icar.gov.in/en/icar-cifri-barrackpore-and-himachal-pradesh-partner-unlock-reservoir-fisheries-potential-and,https://www.wikidata.org/wiki/Q7227766,high,,Not assigned unless explicitly supported by source.,documented_fisheries_resource,False,"Evidence supports a fisheries resource/development context, but not enough direct evidence for a precise fishing-destination recommendation."
inland_himachal_chamera1,Chamera-I Reservoir,reservoir,Himachal Pradesh,Chamba,32.5966,75.9857,documented_fishery_resource,"ICAR-CIFRI identifies Chamera-I, II and III among Himachal Pradesh's reservoir fisheries resources.",ICAR-CIFRI,https://www.icar.gov.in/en/icar-cifri-barrackpore-and-himachal-pradesh-partner-unlock-reservoir-fisheries-potential-and,https://www.gem.wiki/Chamera-I_hydroelectric_plant,high,,Not assigned unless explicitly supported by source.,documented_fisheries_resource,False,"Evidence supports a fisheries resource/development context, but not enough direct evidence for a precise fishing-destination recommendation."
inland_uttarakhand_tehri,Tehri Reservoir,reservoir,Uttarakhand,Tehri Garhwal,30.37778,78.48056,documented_fishery,"Fisheries research documents fishing areas, fishing rights, fishing season and fish landings in Tehri Dam Reservoir.",Fisheries research study,https://www.researchgate.net/publication/384237681_Present_status_and_future_prospects_of_fisheries_of_Tehri_dam_reservoir,https://www.mapcarta.com/W93091865,high,,Not assigned unless explicitly supported by source.,documented_fishing_or_access_evidence,True,Evidence supports fishing/landing/licensing/rights activity and coordinate confidence is high; this still does not establish individual legal permission.
inland_odisha_hirakud,Hirakud Reservoir,reservoir,Odisha,Sambalpur,21.75,83.75,documented_fishery,"Wetlands of India documents fisheries, economically important fish species and approximately 7,000 fisher households dependent on Hirakud reservoir fisheries.",Wetlands of India / Odisha fisheries authorities,https://indianwetlands.in/view-wetland/?profile=MjExNg%3D%3D,https://www.getty.edu/vow/TGNFullDisplay?english=Y&find=new+york+city&nation=United+States&place=&subjectid=7001689,high,,Not assigned unless explicitly supported by source.,documented_fisheries_resource,False,"Evidence supports a fisheries resource/development context, but not enough direct evidence for a precise fishing-destination recommendation."
inland_odisha_salia,Salia Reservoir,reservoir,Odisha,Ganjam/Khordha region,19.806478,85.061638,documented_fishery,ICAR-linked Scientific Reports study documents cage-based fish production in Salia reservoir; Odisha Water Resources lists the reservoir.,ICAR-CIFRI / Odisha Water Resources,https://doi.org/10.1038/s41598-022-13570-x,https://doi.org/10.1038/s41598-022-13570-x,high,,Not assigned unless explicitly supported by source.,documented_fishing_or_access_evidence,True,Evidence supports fishing/landing/licensing/rights activity and coordinate confidence is high; this still does not establish individual legal permission.
inland_wb_kangsabati,Kangsabati Reservoir,reservoir,West Bengal,Bankura,22.958333,86.758333,documented_fishery,West Bengal Irrigation Department says the reservoir promotes piscicultural activities; ICAR-CIFRI initiated cage culture for tribal fishers; research documents fish production and fishing by local fishermen.,West Bengal Irrigation Department / ICAR-CIFRI,https://iwd.wb.gov.in/Kangsabati_Reservoir_Project,https://iwd.wb.gov.in/Kangsabati_Reservoir_Project,high,,Not assigned unless explicitly supported by source.,documented_fishing_or_access_evidence,True,Evidence supports fishing/landing/licensing/rights activity and coordinate confidence is high; this still does not establish individual legal permission.
inland_jharkhand_maithon,Maithon Reservoir,reservoir,Jharkhand,Dhanbad,23.786944,86.817222,documented_fishery,ICAR-CIFRI documents cage culture and fish production work in Maithon reservoir.,ICAR-CIFRI / CWC,https://www.icar.gov.in/sites/default/files/2022-06/IF-November-2020-compressed-min_compressed.pdf,https://cwc.gov.in/sites/default/files/sedimentation-assessment-maithon-reservoir-jharkhand-through-remote-sensing-may-2020.pdf,high,,Not assigned unless explicitly supported by source.,documented_fishing_or_access_evidence,True,Evidence supports fishing/landing/licensing/rights activity and coordinate confidence is high; this still does not establish individual legal permission.
inland_telanganapalair,Palair Reservoir,reservoir,Telangana,Khammam,17.203333,79.902778,documented_fishery,ICAR-CIFRI documents Palair reservoir cage culture; fisheries research reports reservoir surveys and dependent fishers.,ICAR-CIFRI / KRMB,https://www.icar.gov.in/sites/default/files/2022-06/IF-November-2020-compressed-min_compressed.pdf,https://krmb.gov.in/html/project29.html,high,,Not assigned unless explicitly supported by source.,documented_fisheries_resource,False,"Evidence supports a fisheries resource/development context, but not enough direct evidence for a precise fishing-destination recommendation."
inland_mp_indira_sagar,Indira Sagar Reservoir,reservoir,Madhya Pradesh,Khandwa,22.28389,76.47139,documented_fishery,ICAR-CIFRI documents long-term fish stocking and yield assessment in Indira Sagar reservoir.,ICAR-CIFRI / CWC,https://icar.gov.in/sites/default/files/2022-06/IF-November-2020-compressed-min_compressed.pdf,https://cwc.gov.in/sites/default/files/Sedimentation_assessment_Sagar_MadhyaPradesh_compressed.pdf,high,,Not assigned unless explicitly supported by source.,documented_fisheries_resource,False,"Evidence supports a fisheries resource/development context, but not enough direct evidence for a precise fishing-destination recommendation."
inland_mp_satpura,Satpura Reservoir,reservoir,Madhya Pradesh,Betul,21.747,78.845,documented_fishery,ICAR documents reduced fish production and restoration of fishing opportunities for local fishermen at Satpura Reservoir.,ICAR-Directorate of Weed Research,https://www.icar.gov.in/en/biological-control-aquatic-weed-salvinia,https://www.icar.gov.in/en/biological-control-aquatic-weed-salvinia,low,,Not assigned unless explicitly supported by source.,documented_fishing_or_access_evidence,False,Not used for precise nearby-destination recommendations until coordinate is independently verified.
inland_gujarat_sardar_sarovar,Sardar Sarovar Reservoir,reservoir,Gujarat,Narmada,21.827675,73.772147,documented_fishery,ICAR-CIFRI study assessed fish-yield potential and fishery management indicators for Sardar Sarovar Reservoir.,ICAR-CIFRI,https://www.was.org/Meeting/Program/PaperDetail/154047,https://www.was.org/Meeting/Program/PaperDetail/154047,high,documented_potential,Not assigned unless explicitly supported by source.,documented_fisheries_resource,False,"Evidence supports a fisheries resource/development context, but not enough direct evidence for a precise fishing-destination recommendation."
inland_gujarat_karjan,Karjan Reservoir,reservoir,Gujarat,Narmada,21.816389,73.533333,documented_fishery_intervention,ICAR-CIFRI documents fish-seed release and pen culture at Karjan reservoir benefiting tribal fishers; wetland atlas provides reservoir coordinates.,ICAR-CIFRI / Indian Wetlands,https://icar.gov.in/en/node/3283,https://indianwetlands.in/wp-content/uploads/library/Wetland-and-Waterbird-Heritage-gujarat%20.pdf,high,,Not assigned unless explicitly supported by source.,documented_fisheries_resource,False,"Evidence supports a fisheries resource/development context, but not enough direct evidence for a precise fishing-destination recommendation."
inland_kerala_malampuzha,Malampuzha Reservoir,reservoir,Kerala,Palakkad,10.84,76.69,documented_fishery,"Kerala Fisheries Department lists the reservoir; fisheries literature documents fish landings, stocking, fisher cooperatives and active fishing.",Kerala Fisheries Department / FAO fisheries review,https://fisheries.kerala.gov.in/en/node/451,https://www.fao.org/4/v5930e/V5930E05.htm,high,,Not assigned unless explicitly supported by source.,documented_fishing_or_access_evidence,True,Evidence supports fishing/landing/licensing/rights activity and coordinate confidence is high; this still does not establish individual legal permission.
inland_kerala_peechi,Peechi Reservoir,reservoir,Kerala,Thrissur,10.53,76.37,documented_fishery,Kerala fisheries research documents a reservoir fisheries cooperative and fish collection from Peechi; state fisheries department lists the reservoir.,Kerala Fisheries Department / KFRI,https://docs.kfri.res.in/xxxxKFRI-RR/KFRI-RR240.pdf,https://www.fao.org/4/v5930e/V5930E05.htm,medium,,Not assigned unless explicitly supported by source.,documented_fisheries_resource,False,Not used for precise nearby-destination recommendations until coordinate is independently verified.
inland_kerala_vazhani,Vazhani Reservoir,reservoir,Kerala,Thrissur,10.633333,76.15,documented_fishery,KFRI documents a reservoir fisheries cooperative and fishing activity at Vazhani; Kerala Fisheries Department lists the reservoir.,Kerala Fisheries Department / KFRI,https://docs.kfri.res.in/xxxxKFRI-RR/KFRI-RR240.pdf,https://www.irrigation.kerala.gov.in/dams,medium,,Not assigned unless explicitly supported by source.,documented_fishing_or_access_evidence,False,Not used for precise nearby-destination recommendations until coordinate is independently verified.
inland_kerala_chulliar,Chulliar Reservoir,reservoir,Kerala,Palakkad,10.59,76.77,documented_fishery,"State fisheries material documents fish production, stocking and reservoir fisheries management; Kerala Fisheries Department lists Chulliar.",Kerala Fisheries Department / State Fisheries Department data,https://www.fao.org/4/v5930e/V5930E05.htm,https://www.fao.org/4/v5930e/V5930E05.htm,medium,,Not assigned unless explicitly supported by source.,documented_fishing_or_access_evidence,False,Not used for precise nearby-destination recommendations until coordinate is independently verified.
inland_kerala_pothundi,Pothundi Reservoir,reservoir,Kerala,Palakkad,10.54,76.63,documented_fishery,"State fisheries material documents fish production, stocking and reservoir fisheries management; Kerala Fisheries Department lists Pothundi.",Kerala Fisheries Department / State Fisheries Department data,https://www.fao.org/4/v5930e/V5930E05.htm,https://www.wikidata.org/wiki/Wikidata:WikiProject_India/Dams/Kerala,medium,,Not assigned unless explicitly supported by source.,documented_fishing_or_access_evidence,False,Not used for precise nearby-destination recommendations until coordinate is independently verified.
inland_kerala_kanjirapuzha,Kanjirappuzha Reservoir,reservoir,Kerala,Palakkad,10.98,76.55,documented_fishery,State fisheries material documents stocking and fish production at Kanjirampuzha; Kerala Fisheries Department lists the reservoir.,Kerala Fisheries Department / State Fisheries Department data,https://www.fao.org/4/v5930e/V5930E05.htm,https://wiki.km6slftech.com/content/wikipedia_en_all_maxi_2025-08/List_of_dams_and_reservoirs_in_Kerala,medium,,Not assigned unless explicitly supported by source.,documented_fishing_or_access_evidence,False,Not used for precise nearby-destination recommendations until coordinate is independently verified.
inland_tn_aliyar,Aliyar Reservoir,reservoir,Tamil Nadu,Coimbatore,10.4723,76.9772,documented_fishery,ICAR/CIFT fisheries research documents long-term fishery assessment; a later study evaluates reservoir catch and fishery economics and reports active fishing units.,ICAR-CIFT / fisheries research,https://onlinelibrary.wiley.com/doi/10.1111/lre.12363,https://mapcarta.com/W51815976,high,,Not assigned unless explicitly supported by source.,documented_fisheries_resource,False,"Evidence supports a fisheries resource/development context, but not enough direct evidence for a precise fishing-destination recommendation."
inland_wb_sindrani,Sindrani Wetland,floodplain_wetland,West Bengal,North 24 Parganas,23.133831,88.45165,documented_fishing_use,Research records Sindrani as a wetland used for fishing and aquaculture; ICAR-CIFRI has documented fisher/pen-culture interventions at Sindrani.,ICAR-CIFRI / peer-reviewed wetland study,https://icar.gov.in/hi/node/966,https://www.frontiersin.org/journals/environmental-science/articles/10.3389/fenvs.2024.1397715/full,high,,Not assigned unless explicitly supported by source.,documented_fishing_or_access_evidence,True,Evidence supports fishing/landing/licensing/rights activity and coordinate confidence is high; this still does not establish individual legal permission.
inland_wb_duma,Duma Wetland,floodplain_wetland,West Bengal,North 24 Parganas,22.581519,88.503597,documented_fishery_intervention,ICAR-CIFRI documents pen-culture/fisher interaction at Duma Wetland; research documents the wetland's fishing use context.,ICAR-CIFRI / peer-reviewed wetland study,https://icar.gov.in/hi/node/966,https://www.frontiersin.org/journals/environmental-science/articles/10.3389/fenvs.2024.1397715/full,high,,Not assigned unless explicitly supported by source.,documented_fisheries_resource,False,"Evidence supports a fisheries resource/development context, but not enough direct evidence for a precise fishing-destination recommendation."
inland_mh_ujani_bhigwan,Ujani Reservoir – Bhigwan fishing area,reservoir_fishing_area,Maharashtra,Pune/Solapur region,18.295,74.773,documented_fishing_area,2021–2023 fish-diversity study collected fish with local fishers at this named Ujani Reservoir site using gill and cast nets.,Journal of Threatened Taxa / local fishers,https://threatenedtaxa.org/index.php/JoTT/article/download/9673/10494?inline=1,https://threatenedtaxa.org/index.php/JoTT/article/download/9673/10494?inline=1,high,,Not assigned unless explicitly supported by source.,documented_fishing_or_access_evidence,True,Evidence supports fishing/landing/licensing/rights activity and coordinate confidence is high; this still does not establish individual legal permission.
inland_mh_ujani_kumbhargaon,Ujani Reservoir – Kumbhargaon fishing area,reservoir_fishing_area,Maharashtra,Pune/Solapur region,18.273,74.796,documented_fishing_area,2021–2023 fish-diversity study collected fish with local fishers at this named Ujani Reservoir site using gill and cast nets.,Journal of Threatened Taxa / local fishers,https://threatenedtaxa.org/index.php/JoTT/article/download/9673/10494?inline=1,https://threatenedtaxa.org/index.php/JoTT/article/download/9673/10494?inline=1,high,,Not assigned unless explicitly supported by source.,documented_fishing_or_access_evidence,True,Evidence supports fishing/landing/licensing/rights activity and coordinate confidence is high; this still does not establish individual legal permission.
inland_mh_ujani_palasdeo,Ujani Reservoir – Palasdeo fishing area,reservoir_fishing_area,Maharashtra,Pune/Solapur region,18.221,74.869,documented_fishing_area,2021–2023 fish-diversity study collected fish with local fishers at this named Ujani Reservoir site using gill and cast nets.,Journal of Threatened Taxa / local fishers,https://threatenedtaxa.org/index.php/JoTT/article/download/9673/10494?inline=1,https://threatenedtaxa.org/index.php/JoTT/article/download/9673/10494?inline=1,high,,Not assigned unless explicitly supported by source.,documented_fishing_or_access_evidence,True,Evidence supports fishing/landing/licensing/rights activity and coordinate confidence is high; this still does not establish individual legal permission.
inland_mh_ujani_aagoti2,Ujani Reservoir – Aagoti2 fishing area,reservoir_fishing_area,Maharashtra,Pune/Solapur region,18.233,74.973,documented_fishing_area,2021–2023 fish-diversity study collected fish with local fishers at this named Ujani Reservoir site using gill and cast nets.,Journal of Threatened Taxa / local fishers,https://threatenedtaxa.org/index.php/JoTT/article/download/9673/10494?inline=1,https://threatenedtaxa.org/index.php/JoTT/article/download/9673/10494?inline=1,high,,Not assigned unless explicitly supported by source.,documented_fishing_or_access_evidence,True,Evidence supports fishing/landing/licensing/rights activity and coordinate confidence is high; this still does not establish individual legal permission.
inland_mh_ujani_rajewadi,Ujani Reservoir – Rajewadi fishing area,reservoir_fishing_area,Maharashtra,Pune/Solapur region,18.166,74.98,documented_fishing_area,2021–2023 fish-diversity study collected fish with local fishers at this named Ujani Reservoir site using gill and cast nets.,Journal of Threatened Taxa / local fishers,https://threatenedtaxa.org/index.php/JoTT/article/download/9673/10494?inline=1,https://threatenedtaxa.org/index.php/JoTT/article/download/9673/10494?inline=1,high,,Not assigned unless explicitly supported by source.,documented_fishing_or_access_evidence,True,Evidence supports fishing/landing/licensing/rights activity and coordinate confidence is high; this still does not establish individual legal permission.
inland_mh_ujani_shaha,Ujani Reservoir – Shaha fishing area,reservoir_fishing_area,Maharashtra,Pune/Solapur region,18.114,75.097,documented_fishing_area,2021–2023 fish-diversity study collected fish with local fishers at this named Ujani Reservoir site using gill and cast nets.,Journal of Threatened Taxa / local fishers,https://threatenedtaxa.org/index.php/JoTT/article/download/9673/10494?inline=1,https://threatenedtaxa.org/index.php/JoTT/article/download/9673/10494?inline=1,high,,Not assigned unless explicitly supported by source.,documented_fishing_or_access_evidence,True,Evidence supports fishing/landing/licensing/rights activity and coordinate confidence is high; this still does not establish individual legal permission.
inland_mh_ujani_taratgaon,Ujani Reservoir – Taratgaon fishing area,reservoir_fishing_area,Maharashtra,Pune/Solapur region,18.094,75.129,documented_fishing_area,2021–2023 fish-diversity study collected fish with local fishers at this named Ujani Reservoir site using gill and cast nets.,Journal of Threatened Taxa / local fishers,https://threatenedtaxa.org/index.php/JoTT/article/download/9673/10494?inline=1,https://threatenedtaxa.org/index.php/JoTT/article/download/9673/10494?inline=1,high,,Not assigned unless explicitly supported by source.,documented_fishing_or_access_evidence,True,Evidence supports fishing/landing/licensing/rights activity and coordinate confidence is high; this still does not establish individual legal permission.
raj_fish_001,Jaisamand Reservoir,reservoir,Rajasthan,Udaipur / Salumber,24.24,73.95,documented_commercial_fishery,Rajasthan fisheries material identifies Jaisamand as a reservoir supporting tribal fishermen; FAO documents an organised commercial fishery.,Government of Rajasthan; FAO,Rajasthan fisheries development material; FAO Reservoir Fisheries of India,CWC telemetry site / geospatial reference,high,,,documented_fisheries_resource,False,"Evidence supports a fisheries resource/development context, but not enough direct evidence for a precise fishing-destination recommendation."
raj_fish_002,Mahi Bajaj Sagar Reservoir,reservoir,Rajasthan,Banswara,23.62845,74.54678,documented_fish_culture_and_fisher_livelihood,Government of Rajasthan reports cage culture and direct benefit to tribal fishermen at Mahi Bajaj Sagar.,Government of Rajasthan,Rajasthan fisheries development report,National Register/geospatial map reference,high,,,aquaculture_or_stocking_evidence,False,"Evidence supports a fisheries resource/development context, but not enough direct evidence for a precise fishing-destination recommendation."
raj_fish_003,Kadana Backwater,reservoir_backwater,Rajasthan,Dungarpur,23.35,74.32,documented_fisher_livelihood_context,Government of Rajasthan identifies Kadana Backwater among reservoirs covered by the fisheries livelihood model.,Government of Rajasthan,Rajasthan fisheries development report,prototype geographic anchor; exact facility point requires later verification,low,,,needs_source_review,False,Not used for precise nearby-destination recommendations until coordinate is independently verified.
raj_fish_004,Bisalpur Reservoir,reservoir,Rajasthan,Tonk,25.9247,75.4558,documented_fishery_and_landing_centre,Government sources document a fish landing centre at Bisalpur and a sport-fisheries development project with fish stocking.,Government of Rajasthan; Government of India,Rajasthan fisheries report; Lok Sabha fisheries reply,CWC/NRSD coordinate reference,high,,,documented_fishing_or_access_evidence,True,Evidence supports fishing/landing/licensing/rights activity and coordinate confidence is high; this still does not establish individual legal permission.
raj_fish_005,Ramsagar Reservoir,reservoir,Rajasthan,Dholpur,26.604186,77.585519,documented_fishing_and_landing_centre,Wildlife Institute of India documents fishing as an activity at Ramsagar; government records a fish landing centre there.,Wildlife Institute of India; Government of India,WII baseline study; Lok Sabha fisheries reply,Government of Rajasthan disaster-management water-body inventory,high,,,documented_fishing_or_access_evidence,True,Evidence supports fishing/landing/licensing/rights activity and coordinate confidence is high; this still does not establish individual legal permission.
raj_fish_006,Rana Pratap Sagar Reservoir,reservoir,Rajasthan,Chittorgarh,24.917778,75.581389,documented_fish_landing_centre,Government fisheries records identify a completed fish landing centre at Rana Pratap Sagar.,Government of India; Government of Rajasthan,Lok Sabha fisheries reply; Rajasthan fisheries material,National Register/geospatial dam reference,high,,,documented_fishing_or_access_evidence,True,Evidence supports fishing/landing/licensing/rights activity and coordinate confidence is high; this still does not establish individual legal permission.
raj_fish_007,Jawai Reservoir,reservoir,Rajasthan,Pali,25.0894,73.1486,documented_fish_landing_centre,Government fisheries records identify a completed fish landing centre at Jawai Dam.,Government of India; Government of Rajasthan,Lok Sabha fisheries reply; Rajasthan fisheries material,National Register of Specified Dams 2025,high,,,documented_fishing_or_access_evidence,True,Evidence supports fishing/landing/licensing/rights activity and coordinate confidence is high; this still does not establish individual legal permission.
raj_fish_008,Jaitpura Reservoir,reservoir,Rajasthan,Bhilwara,25.55,75.3,documented_cage_pisciculture,Government of India records cage units installed at Jaitpura to promote pisciculture.,Government of India,Lok Sabha fisheries reply,district-level geographic anchor; exact dam point requires later verification,low,,,aquaculture_or_stocking_evidence,False,Not used for precise nearby-destination recommendations until coordinate is independently verified.
raj_fish_009,Gudha Reservoir,reservoir,Rajasthan,Bundi,25.4933,75.4586,documented_cage_pisciculture,Government of India records cage units installed at Gudha to promote pisciculture.,Government of India,Lok Sabha fisheries reply,National Register of Specified Dams 2025,high,,,aquaculture_or_stocking_evidence,False,"Evidence supports a fisheries resource/development context, but not enough direct evidence for a precise fishing-destination recommendation."
raj_fish_010,Lassi Reservoir,reservoir,Rajasthan,Baran,24.95,76.7,documented_cage_pisciculture,Government of India records cage units installed at Lassi to promote pisciculture.,Government of India,Lok Sabha fisheries reply,district-level geographic anchor; exact dam point requires later verification,low,,,aquaculture_or_stocking_evidence,False,Not used for precise nearby-destination recommendations until coordinate is independently verified.
raj_fish_011,Gagrin Reservoir,reservoir,Rajasthan,Jhalawar,24.1264,75.9006,documented_cage_pisciculture,Government of India records cage units installed at Gagrin to promote pisciculture.,Government of India,Lok Sabha fisheries reply,National Register of Specified Dams 2025,high,,,aquaculture_or_stocking_evidence,False,"Evidence supports a fisheries resource/development context, but not enough direct evidence for a precise fishing-destination recommendation."
raj_fish_012,Kalisil Dam,reservoir,Rajasthan,Karauli,26.270508,76.767184,fisheries_evidence_requires_facility_level_confirmation,Karauli fisheries gazetteer material identifies Kalisil among local fish-production water bodies; Rajasthan also lists it as a notified wetland.,Government of Rajasthan,Karauli district fisheries/gazetteer material,Rajasthan wetland notification / dam geospatial dataset,high,,,needs_source_review,False,"Evidence supports a fisheries resource/development context, but not enough direct evidence for a precise fishing-destination recommendation."
raj_fish_013,Panchana Reservoir,reservoir,Rajasthan,Karauli,26.5583,77.0167,documented_fish_production,Karauli district fisheries material identifies Panchana among water bodies with fish production; dam coordinates are from the National Register reference.,Government of Rajasthan,Karauli district gazetteer/fisheries material,National Register of Specified Dams 2025,high,,,documented_fishing_or_access_evidence,True,Evidence supports fishing/landing/licensing/rights activity and coordinate confidence is high; this still does not establish individual legal permission.
raj_fish_014,Gambhiri Reservoir,reservoir,Rajasthan,Chittorgarh,24.7,74.73,documented_fish_production,Karauli/Chittorgarh fisheries material identifies Gambhiri among Rajasthan water bodies associated with fish production; official wetland notification provides detailed boundary coordinates.,Government of Rajasthan,Rajasthan fisheries/wetland material,Rajasthan wetland notification / CWC basin atlas,high,,,documented_fishing_or_access_evidence,True,Evidence supports fishing/landing/licensing/rights activity and coordinate confidence is high; this still does not establish individual legal permission.
raj_fish_015,Mamacheri (Mamchari) Dam,reservoir_wetland,Rajasthan,Karauli,26.4,77.08,regulated_fisheries_activity,Rajasthan's 2024 wetland notification explicitly lists fisheries as a regulated activity at Mamachari Dam Wetland.,Government of Rajasthan,Rajasthan State Wetland Authority notification,Rajasthan wetland notification; representative point pending centroid extraction,medium,,,needs_source_review,False,Not used for precise nearby-destination recommendations until coordinate is independently verified.
inland_punjab_001,Ranjit Sagar Dam Reservoir,reservoir,Punjab,Pathankot,32.478,75.65,current_fishing_rights_auction_documented,Punjab government procurement records advertise auction of fishing rights for the reservoir area falling in Punjab.,"Government of Punjab, Department of Water Resources",Punjab eProcurement fishing-rights tenders,geospatial reservoir reference; verify exact operational point,medium,,,documented_fishing_or_access_evidence,False,Not used for precise nearby-destination recommendations until coordinate is independently verified.
inland_punjab_002,Shahpurkandi Dam Reservoir,reservoir,Punjab,Pathankot,32.42,75.61,current_fishing_rights_auction_documented,Punjab government issued a 2026 tender for auction of fishing rights of the Shahpurkandi Dam reservoir area.,"Government of Punjab, Department of Water Resources",Punjab eProcurement fishing-rights tender,geospatial reservoir reference; verify exact operational point,medium,,,documented_fishing_or_access_evidence,False,Not used for precise nearby-destination recommendations until coordinate is independently verified.
inland_punjab_003,Sirhind Feeder,canal,Punjab,Ferozepur,30.92,74.61,documented_fishing_rights_auction,Punjab government tender documents advertise fishing rights on Sirhind Feeder RD 0 to 184480.,"Government of Punjab, Department of Water Resources",Punjab eProcurement fishing-rights tender,representative geospatial anchor for the documented canal stretch,low,,,documented_fishing_or_access_evidence,False,Not used for precise nearby-destination recommendations until coordinate is independently verified.
inland_punjab_004,Ferozepur Feeder / Makhu Canal system,canal_system,Punjab,Ferozepur,30.93,74.62,documented_fishing_rights_auction,"Punjab government tender documents advertise fishing rights on Ferozepur Feeder, Makhu Canal, Butewah Distributary and Barnashwah Distributary.","Government of Punjab, Department of Water Resources",Punjab eProcurement fishing-rights tender,representative geospatial anchor for the documented canal system,low,,,documented_fishing_or_access_evidence,False,Not used for precise nearby-destination recommendations until coordinate is independently verified.
inland_delhi_001,Yamuna River — Delhi fishing waters,river,Delhi,NCT Delhi,28.64,77.27,licensed_fishing_documented,Delhi Government explicitly issues daily and annual fishing licences for Yamuna water and identifies Yamuna and its tributaries as regulated public waters.,"Government of NCT of Delhi, Development Department",Delhi Fisheries Activities / Citizen Charter / Yamuna fishing rules,representative central-Delhi Yamuna anchor; not a fishing-gate coordinate,medium,,,documented_fishing_or_access_evidence,False,Not used for precise nearby-destination recommendations until coordinate is independently verified.
inland_delhi_002,Okhla Headworks / Okhla fishing waters,river_regulated_area,Delhi,South East Delhi,28.545,77.315,licensed_fishing_documented_with_restricted_zones,Delhi Government fishing rules regulate fishing at Okhla Headworks and explicitly identify prohibited areas around the fish ladder and headworks.,"Government of NCT of Delhi, Development Department",Delhi Yamuna fishing rules,representative Okhla Headworks geospatial anchor; exact permitted fishing boundary requires rule-layer verification,medium,,,documented_fisheries_resource,False,Not used for precise nearby-destination recommendations until coordinate is independently verified.
inland_bihar_001,Phulwaria (Hardia) Reservoir,reservoir,Bihar,Nawada,24.83,85.52,documented_reservoir_fisheries_resource,Bihar Fisheries Directorate lists Phulwaria (Hardia) among the state's reservoirs; Bihar's 2022 Reservoir Fisheries Policy identifies reservoirs as fisheries-development resources.,"Government of Bihar, Directorate of Fisheries",Bihar Directorate reservoir list; Bihar State Reservoir Fisheries Policy 2022,representative reservoir geospatial anchor; verify exact operational point,medium,,,documented_fisheries_resource,False,Not used for precise nearby-destination recommendations until coordinate is independently verified.
inland_bihar_002,Nagi Reservoir,reservoir,Bihar,Jamui,24.75,86.35,documented_reservoir_fisheries_resource,Bihar Fisheries Directorate lists Nagi among Jamui reservoirs; the state reservoir policy identifies reservoirs as fisheries-development resources.,"Government of Bihar, Directorate of Fisheries",Bihar Directorate reservoir list; Bihar State Reservoir Fisheries Policy 2022,representative reservoir geospatial anchor; verify exact operational point,medium,,,documented_fisheries_resource,False,Not used for precise nearby-destination recommendations until coordinate is independently verified.
inland_bihar_003,Nakti Reservoir,reservoir,Bihar,Jamui,24.76,86.31,documented_reservoir_fisheries_resource,Bihar Fisheries Directorate lists Nakti among Jamui reservoirs; the state reservoir policy identifies reservoirs as fisheries-development resources.,"Government of Bihar, Directorate of Fisheries",Bihar Directorate reservoir list; Bihar State Reservoir Fisheries Policy 2022,representative reservoir geospatial anchor; verify exact operational point,medium,,,documented_fisheries_resource,False,Not used for precise nearby-destination recommendations until coordinate is independently verified.
inland_bihar_004,Chandan Reservoir,reservoir,Bihar,Banka,24.88,86.92,documented_reservoir_fisheries_resource,Bihar Fisheries Directorate lists Chandan among Banka reservoirs; the state reservoir policy identifies reservoirs as fisheries-development resources.,"Government of Bihar, Directorate of Fisheries",Bihar Directorate reservoir list; Bihar State Reservoir Fisheries Policy 2022,representative reservoir geospatial anchor; verify exact operational point,medium,,,documented_fisheries_resource,False,Not used for precise nearby-destination recommendations until coordinate is independently verified.
inland_bihar_005,Odhni Reservoir,reservoir,Bihar,Banka,24.83,87.03,documented_reservoir_fisheries_resource,Bihar Fisheries Directorate lists Odhni among Banka reservoirs; the state reservoir policy identifies reservoirs as fisheries-development resources.,"Government of Bihar, Directorate of Fisheries",Bihar Directorate reservoir list; Bihar State Reservoir Fisheries Policy 2022,representative reservoir geospatial anchor; verify exact operational point,medium,,,documented_fisheries_resource,False,Not used for precise nearby-destination recommendations until coordinate is independently verified.
inland_ap_001,Kolleru Lake,freshwater_lake,Andhra Pradesh,Eluru / Krishna,16.6333,81.2,documented_fishing_and_fisheries_activity,West Godavari government documents traditional-fisher licensing at Kolleru/Upputeru and fishing permits in the Kolleru Lake area; FAO documents Kolleru as a major freshwater fisheries resource.,Government of Andhra Pradesh; FAO,West Godavari Fisheries page; FAO Kolleru fisheries report,representative lake anchor from published geospatial references,high,,,documented_fishing_or_access_evidence,True,Evidence supports fishing/landing/licensing/rights activity and coordinate confidence is high; this still does not establish individual legal permission.
inland_ap_002,Nagarjuna Sagar Reservoir,reservoir,Andhra Pradesh,Palnadu,16.5745,79.312,documented_fish_culture_resource,Reservoir fisheries references list Nagarjuna Sagar as suitable for fish culture; APWRIMS identifies it as a major AP reservoir.,Andhra Pradesh Water Resources Information & Management System; TNAU fisheries reference,APWRIMS; reservoir fisheries reference,representative reservoir anchor from published geospatial references,high,,,documented_fisheries_resource,False,"Evidence supports a fisheries resource/development context, but not enough direct evidence for a precise fishing-destination recommendation."
inland_ap_003,Srisailam Reservoir,reservoir,Andhra Pradesh,Nandyal,16.073,78.868,documented_stocking_and_fishery_activity,Environmental assessment material documents regular stocking of Srisailam reservoir/backwaters with Indian major carps and fish captured from study sites; APWRIMS lists Srisailam as a major reservoir.,Government of Andhra Pradesh / Irrigation & CAD; APWRIMS,Srisailam environmental assessment; APWRIMS,representative reservoir anchor from published geospatial references,high,,,documented_fisheries_resource,False,"Evidence supports a fisheries resource/development context, but not enough direct evidence for a precise fishing-destination recommendation."
inland_ap_004,Somasila Reservoir,reservoir,Andhra Pradesh,Nellore,14.83,79.28,documented_fish_culture_resource,Reservoir fisheries reference lists Somasila among Andhra Pradesh reservoirs suitable for fish culture.,TNAU fisheries reference / Andhra Pradesh fisheries literature,Reservoir fisheries reference,representative reservoir anchor from published geospatial references,medium,,,documented_fisheries_resource,False,Not used for precise nearby-destination recommendations until coordinate is independently verified.
inland_goa_001,Salaulim Reservoir,reservoir,Goa,South Goa,15.0,74.15,documented_freshwater_fishery_resource,Goa Fisheries identifies Salaulim as a principal freshwater fishery reservoir and reports freshwater fishery resources.,"Government of Goa, Directorate of Fisheries",Goan Fish Trail / Fisheries Department,representative reservoir anchor from published geospatial references,medium,,,documented_fisheries_resource,False,Not used for precise nearby-destination recommendations until coordinate is independently verified.
inland_goa_002,Anjunem Dam Reservoir,reservoir,Goa,North Goa,15.64,74.13,documented_freshwater_fishery_resource,Goa Fisheries identifies Anjunem Dam reservoir as a principal freshwater fishery resource in North Goa.,"Government of Goa, Directorate of Fisheries",Goan Fish Trail / Fisheries Department,representative reservoir anchor from published geospatial references,medium,,,documented_fisheries_resource,False,Not used for precise nearby-destination recommendations until coordinate is independently verified.
